ID,AGE,GP,MIN,FGM,FGA,FG_PCT,FG3M,FG3A,FG_PCT.1,FTM,FTA,FT_PCT,OREB,DREB,REB,AST,STL,BLK,TOV,PF,PTS,Height,Position,Weight
1630173,25.0,5,92.0,8,19,0.421,0,3,0.421,5,10,0.5,1.4,4.6,6.0,1.2,0.8,1.0,4,6,4.2,6-8,Forward,243.0
203500,31.0,15,161.0,15,25,0.6,0,0,0.6,10,24,0.417,1.5333333333333334,1.933333333333333,3.466666666666667,1.0,0.2666666666666666,0.1333333333333333,20,16,2.6666666666666665,83,Center,265.0
1628389,27.0,24,840.0,148,334,0.443,23,69,0.443,69,95,0.726,2.5416666666666665,7.708333333333333,10.25,5.083333333333333,1.4583333333333333,0.75,44,48,16.166666666666668,81,Center-Forward,255.0
1630534,24.0,28,867.0,131,248,0.528,51,114,0.528,16,24,0.667,0.9285714285714286,3.2142857142857144,4.142857142857143,1.8928571428571428,0.9642857142857144,0.5357142857142857,23,67,11.75,77,Guard,215.0
1630583,23.0,28,741.0,149,290,0.514,49,126,0.514,31,40,0.775,1.6071428571428572,5.892857142857143,7.5,3.0357142857142856,0.9285714285714286,0.5357142857142857,35,30,13.5,84,Forward-Center,215.0
1641725,21.0,9,44.0,3,12,0.25,1,6,0.25,2,2,1.0,0.0,0.1111111111111111,0.1111111111111111,0.2222222222222222,0.0,0.1111111111111111,1,3,1.0,76,Guard,185.0
1629638,26.0,25,596.0,87,177,0.492,42,98,0.492,25,33,0.758,0.68,2.0,2.68,2.52,0.92,0.36,35,40,9.64,77,Guard,205.0
1628960,29.0,21,501.0,71,173,0.41,50,129,0.41,38,46,0.826,0.5714285714285714,2.333333333333333,2.9047619047619047,1.9047619047619049,0.8095238095238095,0.2857142857142857,23,31,10.952380952380953,76,Guard,198.0
1628386,26.0,27,802.0,148,213,0.695,0,1,0.695,71,97,0.732,2.333333333333333,7.962962962962963,10.296296296296296,1.8888888888888888,0.9629629629629628,0.8518518518518519,28,33,13.592592592592592,81,Center,243.0
1630631,26.0,11,282.0,40,101,0.396,24,60,0.396,14,17,0.824,0.5454545454545454,1.6363636363636365,2.1818181818181817,4.454545454545454,1.5454545454545454,0.2727272727272727,14,26,10.727272727272728,72,Guard,179.0
203937,31.0,24,346.0,48,115,0.417,13,39,0.417,13,20,0.65,0.4583333333333333,2.458333333333333,2.9166666666666665,2.2916666666666665,0.75,0.5,12,26,5.083333333333333,81,Forward-Guard,230.0
203507,30.0,23,810.0,294,479,0.614,3,17,0.614,161,262,0.615,2.0,9.478260869565217,11.478260869565217,6.130434782608695,0.6086956521739131,1.565217391304348,77,54,32.69565217391305,83,Forward,243.0
1630175,24.0,26,286.0,46,121,0.38,17,54,0.38,23,32,0.719,0.3076923076923077,1.6923076923076923,2.0,1.9615384615384608,0.3846153846153846,0.1538461538461538,32,35,5.076923076923077,74,Guard,185.0
1628384,27.0,26,957.0,166,349,0.476,56,157,0.476,53,66,0.803,1.0769230769230769,3.9615384615384617,5.038461538461538,1.9615384615384608,1.5384615384615383,1.1538461538461535,35,66,16.96153846153846,79,Forward-Guard,240.0
1630166,23.0,26,692.0,105,242,0.434,36,100,0.434,73,93,0.785,1.2692307692307692,4.576923076923077,5.846153846153846,3.1153846153846154,0.9615384615384616,0.7307692307692307,54,52,12.26923076923077,81,Forward,240.0
1629028,26.0,17,513.0,112,202,0.554,5,19,0.554,13,21,0.619,2.823529411764706,7.176470588235294,10.0,1.2352941176470589,0.8823529411764706,0.7647058823529411,31,39,14.235294117647058,84,Center,252.0
1628963,25.0,18,151.0,36,68,0.529,2,10,0.529,12,19,0.632,1.4444444444444444,1.3333333333333333,2.7777777777777777,0.3333333333333333,0.3333333333333333,0.2777777777777778,10,12,4.777777777777778,82,Forward,235.0
1641735,20.0,10,65.0,8,24,0.333,1,8,0.333,6,7,0.857,0.6,0.3,0.9,0.7,0.3,0.0,4,2,2.3,75,Guard,185.0
1631116,22.0,12,57.0,9,19,0.474,5,11,0.474,2,4,0.5,0.25,0.75,1.0,0.0833333333333333,0.1666666666666666,0.1666666666666666,2,4,2.083333333333333,81,Forward,220.0
1630163,23.0,20,673.0,209,496,0.421,90,262,0.421,100,119,0.84,0.9,4.4,5.3,7.45,1.4,0.2,85,79,30.4,79,Guard,180.0
1628366,27.0,11,195.0,19,59,0.322,15,50,0.322,7,7,1.0,0.3636363636363636,2.8181818181818183,3.1818181818181817,3.727272727272727,1.0,0.6363636363636364,11,14,5.454545454545454,78,Guard,190.0
1628964,26.0,13,177.0,22,52,0.423,6,24,0.423,9,13,0.692,0.7692307692307693,3.4615384615384617,4.230769230769231,0.8461538461538461,0.6153846153846154,1.0769230769230769,8,28,4.538461538461538,84,Center,231.0
1631094,22.0,5,182.0,48,97,0.495,11,32,0.495,38,59,0.644,2.4,6.4,8.8,5.6,0.6,0.8,11,13,29.0,82,Forward,250.0
1630217,26.0,20,561.0,109,243,0.449,36,109,0.449,35,42,0.833,0.85,5.0,5.85,4.55,0.95,0.5,44,52,14.45,77,Guard,215.0
1630625,25.0,24,400.0,84,199,0.422,31,85,0.422,36,54,0.667,0.375,1.9166666666666667,2.2916666666666665,2.625,0.9166666666666666,0.5416666666666666,40,27,9.791666666666666,80,Forward,203.0
1631230,21.0,2,11.0,0,1,0.0,0,0,0.0,1,2,0.5,0.0,0.0,0.0,0.0,0.0,0.0,0,1,0.5,80,Forward,215.0
203084,32.0,27,771.0,98,204,0.48,40,94,0.48,61,76,0.803,1.5925925925925926,2.5185185185185186,4.111111111111111,1.6666666666666667,0.2962962962962963,0.1851851851851851,19,23,11.0,80,Forward,225.0
1630567,23.0,15,501.0,111,241,0.461,28,90,0.461,54,74,0.73,1.933333333333333,6.133333333333334,8.066666666666666,7.333333333333333,1.2,0.8,53,31,20.266666666666666,79,Forward-Guard,237.0
1629628,24.0,24,824.0,207,455,0.455,48,137,0.455,103,142,0.725,0.9166666666666666,5.833333333333333,6.75,6.125,0.75,0.4583333333333333,83,62,23.541666666666668,78,Forward-Guard,214.0
1629646,24.0,18,194.0,36,64,0.563,0,0,0.563,11,21,0.524,1.5555555555555556,2.5,4.055555555555555,0.5,0.3333333333333333,1.1666666666666667,13,24,4.611111111111111,82,Center-Forward,230.0
1641734,20.0,15,133.0,15,49,0.306,10,33,0.306,1,4,0.25,0.0666666666666666,0.8666666666666667,0.9333333333333332,0.6666666666666666,0.0666666666666666,0.1333333333333333,8,5,2.7333333333333334,80,Forward,170.0
1628966,28.0,53,665.0,72,166,0.434,21,69,0.434,32,42,0.762,0.5849056603773585,1.490566037735849,2.0754716981132075,0.7169811320754716,0.4716981132075472,0.4150943396226415,15,35,3.716981132075472,80,Forward,229.0
1642419,23.0,25,344.0,52,108,0.481,35,81,0.481,9,11,0.818,0.56,1.36,1.92,0.92,0.12,0.16,8,30,5.92,79,Forward,220.0
201587,36.0,28,511.0,34,91,0.374,27,73,0.374,7,10,0.7,0.7142857142857143,2.0,2.7142857142857144,1.4642857142857142,0.4642857142857143,0.4285714285714285,13,39,3.642857142857143,80,Guard-Forward,230.0
203078,31.0,15,502.0,102,207,0.493,31,86,0.493,32,40,0.8,0.6666666666666666,3.533333333333333,4.2,3.2666666666666666,1.1333333333333333,0.7333333333333333,34,44,17.8,76,Guard,207.0
1627736,28.0,28,803.0,161,374,0.43,106,258,0.43,30,42,0.714,0.5714285714285714,2.5,3.071428571428572,2.0357142857142856,0.7142857142857143,0.0714285714285714,30,36,16.357142857142858,76,Guard,187.0
1630699,24.0,11,35.0,6,16,0.375,2,8,0.375,4,4,1.0,0.1818181818181818,0.6363636363636364,0.8181818181818182,0.0909090909090909,0.0909090909090909,0.0,7,3,1.6363636363636365,79,Forward,199.0
1641736,23.0,3,8.0,1,1,1.0,0,0,1.0,0,0,0.0,0.3333333333333333,0.0,0.3333333333333333,0.3333333333333333,0.3333333333333333,0.0,1,1,0.6666666666666666,75,Guard,190.0
1631262,24.0,19,149.0,29,64,0.453,11,29,0.453,5,9,0.556,0.5263157894736842,0.8421052631578947,1.368421052631579,0.8421052631578947,0.1578947368421052,0.0526315789473684,8,14,3.8947368421052633,78,Guard,210.0
1630180,25.0,63,2062.0,290,697,0.416,113,358,0.416,170,203,0.837,2.6507936507936507,3.873015873015873,6.523809523809524,1.4603174603174602,0.8095238095238095,0.1746031746031746,54,88,13.698412698412698,79,Guard-Forward,215.0
1629048,25.0,24,568.0,92,145,0.634,0,12,0.634,35,45,0.778,2.875,4.958333333333333,7.833333333333333,1.9583333333333333,0.75,1.5833333333333333,35,60,9.125,82,Center-Forward,250.0
1641931,25.0,23,268.0,32,84,0.381,12,44,0.381,4,5,0.8,0.2608695652173913,1.1304347826086956,1.391304347826087,0.5652173913043478,0.1304347826086956,0.0869565217391304,10,24,3.4782608695652173,78,Forward,215.0
1641710,20.0,29,706.0,89,211,0.422,19,72,0.422,54,75,0.72,0.5172413793103449,2.206896551724138,2.7241379310344827,3.7586206896551726,0.9655172413793104,0.7586206896551724,64,62,8.655172413793103,79,Guard,200.0
1641778,25.0,26,284.0,25,52,0.481,9,20,0.481,10,15,0.667,0.3461538461538461,1.5,1.8461538461538465,0.9230769230769232,0.3076923076923077,0.4230769230769231,6,19,2.6538461538461537,78,Forward,209.0
203992,32.0,13,332.0,52,128,0.406,29,85,0.406,18,19,0.947,0.6923076923076923,2.6923076923076925,3.3846153846153846,2.1538461538461537,0.9230769230769232,0.3076923076923077,22,33,11.615384615384617,77,Guard,225.0
202711,35.0,57,1478.0,309,681,0.454,133,334,0.454,117,149,0.785,0.3859649122807017,2.280701754385965,2.6666666666666665,1.7017543859649122,0.5263157894736842,0.087719298245614,101,95,15.228070175438596,79,Forward,226.0
1629626,25.0,7,37.0,9,15,0.6,1,5,0.6,4,6,0.667,0.5714285714285714,1.0,1.5714285714285714,0.1428571428571428,0.0,0.0,3,1,3.2857142857142856,87,Center-Forward,220.0
1641737,21.0,14,90.0,8,13,0.615,0,0,0.615,5,6,0.833,0.5714285714285714,1.1428571428571428,1.7142857142857142,0.0,0.0,0.4285714285714285,6,15,1.5,82,Forward,235.0
1626164,28.0,25,926.0,202,462,0.437,69,197,0.437,162,180,0.9,1.16,2.56,3.72,6.4,1.12,0.36,58,57,25.4,78,Guard,206.0
1630527,23.0,25,686.0,113,260,0.435,34,99,0.435,43,52,0.827,0.68,2.92,3.6,3.2,1.52,0.24,37,45,12.12,78,Guard,188.0
1628449,31.0,25,452.0,88,196,0.449,25,94,0.449,42,56,0.75,1.4,3.24,4.64,0.6,0.52,0.76,16,35,9.72,81,Forward,200.0
1631103,21.0,20,251.0,44,100,0.44,17,43,0.44,17,20,0.85,0.15,1.35,1.5,1.25,0.35,0.1,25,14,6.1,76,Forward,180.0
1631128,23.0,23,797.0,131,231,0.567,25,62,0.567,59,76,0.776,1.173913043478261,3.782608695652174,4.956521739130435,1.826086956521739,1.3043478260869563,0.6956521739130435,32,53,15.043478260869565,78,Guard,220.0
1641779,23.0,2,11.0,0,2,0.0,0,2,0.0,1,2,0.5,0.0,0.5,0.5,0.0,0.0,0.0,2,0,0.5,80,Forward,225.0
1628969,28.0,26,999.0,184,379,0.485,59,174,0.485,15,23,0.652,0.9230769230769232,2.576923076923077,3.5,3.230769230769231,1.0384615384615383,0.5384615384615384,39,35,17.0,78,Guard-Forward,209.0
1628970,26.0,14,416.0,84,197,0.426,26,87,0.426,36,43,0.837,0.9285714285714286,5.857142857142857,6.785714285714286,3.142857142857143,0.5,0.4285714285714285,20,20,16.428571428571427,79,Forward,225.0
1627763,32.0,10,241.0,53,104,0.51,10,26,0.51,33,38,0.868,1.0,3.0,4.0,2.9,0.5,0.3,16,20,14.9,76,Guard,229.0
1628415,28.0,27,849.0,132,309,0.427,61,157,0.427,30,36,0.833,1.2592592592592593,2.6296296296296298,3.888888888888889,1.5925925925925926,0.6296296296296297,0.2962962962962963,26,91,13.148148148148149,78,Guard-Forward,225.0
1628971,27.0,67,1865.0,278,582,0.478,53,164,0.478,117,142,0.824,0.7910447761194029,3.4477611940298507,4.2388059701492535,2.8656716417910446,0.8805970149253731,0.2537313432835821,86,148,10.835820895522389,76,Guard-Forward,202.0
1627759,28.0,22,778.0,182,414,0.44,53,159,0.44,102,136,0.75,1.3636363636363635,4.5,5.863636363636363,4.590909090909091,1.181818181818182,0.3636363636363636,59,54,23.59090909090909,78,Guard-Forward,223.0
1631112,21.0,15,63.0,8,15,0.533,0,2,0.533,5,8,0.625,0.2,0.1333333333333333,0.3333333333333333,0.3333333333333333,0.0,0.0,2,9,1.4,79,Guard,205.0
1641738,24.0,7,47.0,9,20,0.45,1,6,0.45,1,2,0.5,0.7142857142857143,1.5714285714285714,2.2857142857142856,0.5714285714285714,0.1428571428571428,0.0,0,5,2.857142857142857,79,Forward,250.0
1629650,25.0,9,46.0,13,20,0.65,0,0,0.65,3,5,0.6,0.4444444444444444,1.0,1.4444444444444444,0.0,0.2222222222222222,0.1111111111111111,6,6,3.2222222222222223,86,Center,258.0
1629718,27.0,8,37.0,2,10,0.2,2,7,0.2,0,0,0.0,0.125,0.125,0.25,0.0,0.0,0.25,2,5,0.75,78,Guard,199.0
1628973,28.0,26,895.0,219,448,0.489,70,162,0.489,141,172,0.82,0.4230769230769231,2.5384615384615383,2.9615384615384617,7.6923076923076925,0.6538461538461539,0.0769230769230769,62,58,24.96153846153846,74,Guard,190.0
1628418,27.0,11,126.0,15,31,0.484,7,18,0.484,11,11,1.0,0.5454545454545454,2.5454545454545454,3.090909090909091,0.3636363636363636,0.0909090909090909,0.9090909090909092,2,9,4.363636363636363,82,Center-Forward,248.0
1641723,21.0,10,124.0,18,47,0.383,4,19,0.383,13,18,0.722,0.5,1.6,2.1,1.7,0.3,0.2,8,9,5.3,76,Guard,195.0
202692,33.0,12,181.0,21,46,0.457,15,32,0.457,6,8,0.75,0.3333333333333333,1.5833333333333333,1.9166666666666667,1.3333333333333333,0.5,0.25,2,5,5.25,77,Guard,214.0
1630215,24.0,19,212.0,44,95,0.463,7,25,0.463,16,22,0.727,0.2631578947368421,0.7368421052631579,1.0,2.5789473684210527,0.3684210526315789,0.1052631578947368,15,24,5.842105263157895,75,Guard,193.0
202710,35.0,19,619.0,122,221,0.552,10,28,0.552,115,147,0.782,2.6842105263157894,3.3684210526315788,6.052631578947368,5.0,1.3157894736842106,0.4210526315789473,26,20,19.42105263157895,79,Forward,230.0
1641824,20.0,27,346.0,48,129,0.372,23,67,0.372,21,26,0.808,0.5185185185185185,2.185185185185185,2.703703703703704,0.5185185185185185,0.2962962962962963,0.7407407407407407,17,39,5.185185185185185,82,Forward,209.0
1631288,25.0,16,225.0,25,55,0.455,9,28,0.455,10,16,0.625,0.9375,1.875,2.8125,0.625,0.5,0.4375,7,20,4.3125,78,Forward,191.0
203484,31.0,28,852.0,79,200,0.395,40,132,0.395,31,35,0.886,0.3928571428571428,1.6428571428571428,2.0357142857142856,1.8571428571428568,1.6071428571428572,0.5714285714285714,23,60,8.178571428571429,77,Guard,204.0
1641739,24.0,26,790.0,88,208,0.423,41,111,0.423,20,28,0.714,2.076923076923077,3.0384615384615383,5.115384615384615,2.076923076923077,1.3846153846153846,0.5,41,75,9.115384615384617,79,Forward,229.0
203991,30.0,28,643.0,126,217,0.581,0,0,0.581,29,54,0.537,3.642857142857143,5.75,9.392857142857142,1.2857142857142858,0.6071428571428571,1.0357142857142858,23,58,10.035714285714286,82,Center,256.0
1642382,25.0,5,18.0,1,7,0.143,0,5,0.143,2,2,1.0,0.6,1.0,1.6,0.4,0.2,0.2,0,1,0.8,84,Center,220.0
1642267,19.0,25,732.0,81,211,0.384,36,112,0.384,20,25,0.8,0.4,4.16,4.56,3.96,0.92,0.28,49,78,8.72,76,Guard,190.0
1628975,29.0,11,53.0,7,23,0.304,4,16,0.304,0,0,0.0,0.0909090909090909,0.6363636363636364,0.7272727272727273,0.5454545454545454,0.2727272727272727,0.0,4,1,1.6363636363636365,73,Guard,200.0
1628976,25.0,16,419.0,39,82,0.476,5,33,0.476,35,47,0.745,1.9375,6.0,7.9375,2.375,0.875,0.5625,13,44,7.375,82,Center-Forward,270.0
1630618,24.0,4,33.0,1,7,0.143,0,3,0.143,1,1,1.0,0.0,1.0,1.0,0.75,0.5,0.0,4,1,0.75,75,Guard,200.0
1627936,30.0,18,358.0,40,104,0.385,17,61,0.385,7,9,0.778,0.5555555555555556,2.388888888888889,2.9444444444444446,2.2222222222222223,1.8888888888888888,0.5555555555555556,13,40,5.777777777777778,77,Guard,186.0
1642264,20.0,26,702.0,104,277,0.375,29,108,0.375,63,86,0.733,0.7307692307692307,1.807692307692308,2.5384615384615383,3.8461538461538463,0.8846153846153846,0.3846153846153846,49,43,11.538461538461538,78,Guard,215.0
1630658,24.0,8,22.0,1,4,0.25,0,2,0.25,8,8,1.0,0.25,0.625,0.875,0.0,0.0,0.125,0,3,1.25,82,Center,250.0
1630577,23.0,27,797.0,117,274,0.427,70,197,0.427,36,40,0.9,0.8518518518518519,4.25925925925926,5.111111111111111,1.4814814814814814,0.8888888888888888,0.5925925925925926,28,43,12.592592592592592,79,Forward,217.0
1630551,23.0,8,207.0,36,65,0.554,9,27,0.554,8,12,0.667,2.625,4.0,6.625,1.375,1.375,0.625,7,18,11.125,78,Guard-Forward,206.0
1642279,18.0,1,5.0,1,1,1.0,0,0,1.0,0,0,0.0,0.0,1.0,1.0,0.0,0.0,0.0,0,0,2.0,83,Center,235.0
1642353,19.0,1,18.0,2,7,0.286,1,4,0.286,0,0,0.0,1.0,2.0,3.0,0.0,2.0,0.0,1,0,5.0,78,Guard,190.0
1631108,21.0,25,508.0,48,115,0.417,17,53,0.417,41,48,0.854,0.72,1.56,2.28,1.28,0.76,0.4,20,36,6.16,77,Guard,190.0
1630528,21.0,64,786.0,153,329,0.465,21,89,0.465,45,60,0.75,0.3125,0.796875,1.109375,1.140625,0.515625,0.234375,60,59,5.8125,76,Guard,215.0
1631321,20.0,11,33.0,4,9,0.444,3,4,0.444,0,4,0.0,0.1818181818181818,0.5454545454545454,0.7272727272727273,0.4545454545454545,0.0,0.0,1,4,1.0,78,Guard,200.0
1629634,28.0,27,505.0,95,155,0.613,1,16,0.613,13,22,0.591,1.7037037037037035,3.4814814814814814,5.185185185185185,1.037037037037037,0.7777777777777778,0.4444444444444444,14,55,7.555555555555555,80,Forward,215.0
203903,32.0,16,405.0,83,206,0.403,30,95,0.403,45,56,0.804,0.625,2.6875,3.3125,3.8125,0.875,0.1875,39,24,15.0625,75,Guard,194.0
1629651,25.0,21,516.0,89,143,0.622,1,4,0.622,20,43,0.465,1.9523809523809523,5.476190476190476,7.428571428571429,2.142857142857143,0.7142857142857143,1.1904761904761905,24,50,9.476190476190476,83,Center,215.0
1642270,20.0,19,324.0,48,91,0.527,3,12,0.527,16,22,0.727,3.1578947368421053,3.684210526315789,6.842105263157895,0.5263157894736842,0.4736842105263157,2.0526315789473686,23,59,6.052631578947368,86,Center,280.0
1641730,20.0,18,320.0,45,118,0.381,29,81,0.381,18,24,0.75,0.8888888888888888,2.555555555555556,3.4444444444444446,0.6666666666666666,0.2777777777777778,0.6666666666666666,14,52,7.611111111111111,81,Forward-Center,210.0
1629599,27.0,27,664.0,102,203,0.502,46,106,0.502,35,43,0.814,0.5925925925925926,2.0,2.592592592592593,1.2962962962962965,0.5925925925925926,0.074074074074074,19,43,10.555555555555555,79,Guard-Forward,210.0
1642268,20.0,18,302.0,23,74,0.311,4,29,0.311,8,18,0.444,0.0555555555555555,1.6111111111111112,1.6666666666666667,3.1666666666666665,0.8888888888888888,0.1666666666666666,40,30,3.2222222222222223,75,Guard,210.0
1628381,27.0,25,744.0,163,308,0.529,36,82,0.529,85,95,0.895,2.24,5.88,8.12,2.52,1.12,0.88,62,73,17.88,81,Forward-Center,226.0
1628380,27.0,24,341.0,50,105,0.476,12,36,0.476,28,32,0.875,1.1666666666666667,2.1666666666666665,3.333333333333333,1.75,0.4583333333333333,0.5,21,53,5.833333333333333,83,Forward-Center,250.0
201144,37.0,21,541.0,56,161,0.348,41,112,0.348,30,33,0.909,0.5714285714285714,2.523809523809524,3.095238095238096,4.714285714285714,1.4761904761904765,0.238095238095238,30,34,8.714285714285714,72,Guard,175.0
1626192,31.0,15,256.0,26,70,0.371,13,44,0.371,9,12,0.75,0.5333333333333333,2.466666666666667,3.0,1.7333333333333334,0.2,0.3333333333333333,11,19,4.933333333333334,77,Guard,209.0
1641731,20.0,24,837.0,111,254,0.437,28,91,0.437,58,73,0.795,1.4583333333333333,4.0,5.458333333333333,3.375,1.4583333333333333,0.75,50,62,12.833333333333334,80,Guard,195.0
1641741,23.0,19,230.0,30,77,0.39,7,30,0.39,28,34,0.824,0.5263157894736842,1.368421052631579,1.894736842105263,0.8421052631578947,0.2631578947368421,0.2105263157894736,6,14,5.0,78,Guard,207.0
1628470,34.0,6,67.0,11,22,0.5,7,18,0.5,2,2,1.0,0.5,1.6666666666666667,2.1666666666666665,0.5,0.1666666666666666,0.1666666666666666,0,10,5.166666666666667,77,Forward,221.0
1642384,23.0,1,5.0,0,0,0.0,0,0,0.0,0,0,0.0,0.0,1.0,1.0,0.0,0.0,0.0,0,1,0.0,78,Forward,220.0
1630622,24.0,1,3.0,0,1,0.0,0,0,0.0,0,0,0.0,0.0,0.0,0.0,0.0,0.0,0.0,0,0,0.0,73,Guard,175.0
1629633,24.0,10,137.0,17,43,0.395,1,12,0.395,9,13,0.692,1.0,2.8,3.8,0.6,0.6,0.2,7,14,4.4,78,Guard-Forward,195.0
1630595,23.0,24,870.0,217,475,0.457,59,153,0.457,80,102,0.784,1.0833333333333333,6.25,7.333333333333333,9.583333333333334,0.8333333333333334,0.9166666666666666,109,66,23.875,78,Guard,220.0
203552,34.0,25,321.0,44,95,0.463,22,52,0.463,9,11,0.818,0.4,1.0,1.4,0.44,0.52,0.16,7,27,4.76,73,Guard,185.0
201939,36.0,21,643.0,151,341,0.443,85,208,0.443,74,80,0.925,0.4761904761904761,4.571428571428571,5.047619047619048,6.380952380952381,1.2857142857142858,0.4761904761904761,66,20,21.95238095238096,74,Guard,185.0
1642359,19.0,11,77.0,6,18,0.333,5,12,0.333,2,2,1.0,0.0,1.181818181818182,1.181818181818182,0.4545454545454545,0.0909090909090909,0.1818181818181818,1,5,1.7272727272727273,80,Forward,210.0
1630700,21.0,26,877.0,142,318,0.447,29,98,0.447,25,41,0.61,1.6923076923076923,3.423076923076923,5.115384615384615,3.3461538461538463,2.8846153846153846,0.8846153846153846,48,72,13.0,79,Guard,199.0
1630268,22.0,7,26.0,2,7,0.286,2,7,0.286,3,3,1.0,0.1428571428571428,0.0,0.1428571428571428,0.1428571428571428,0.0,0.1428571428571428,1,1,1.2857142857142858,78,Guard,200.0
203076,31.0,25,882.0,252,472,0.534,18,59,0.534,173,220,0.786,2.52,8.88,11.4,3.32,1.24,2.0,54,52,27.8,82,Forward-Center,253.0
1631098,22.0,19,182.0,27,57,0.474,6,18,0.474,7,11,0.636,0.3684210526315789,1.263157894736842,1.631578947368421,0.4210526315789473,0.631578947368421,0.3157894736842105,4,16,3.526315789473684,76,Guard,195.0
1629056,26.0,64,841.0,154,364,0.423,89,243,0.423,34,43,0.791,0.3125,1.859375,2.171875,1.046875,0.671875,0.1875,53,104,6.734375,76,Guard,201.0
1631120,22.0,5,24.0,2,5,0.4,1,3,0.4,1,2,0.5,0.0,0.4,0.4,0.2,0.2,0.0,6,1,1.2,73,Guard,195.0
201942,35.0,22,781.0,181,367,0.493,15,47,0.493,119,139,0.856,0.5,3.363636363636364,3.863636363636364,4.0,1.5909090909090908,0.5,37,43,22.545454545454547,78,Guard-Forward,220.0
1628978,27.0,25,619.0,72,204,0.353,51,160,0.353,12,16,0.75,0.32,2.76,3.08,3.44,1.24,0.24,41,38,8.28,76,Guard,203.0
1631217,22.0,25,475.0,38,64,0.594,0,0,0.594,6,17,0.353,3.48,3.88,7.36,0.72,0.68,0.88,23,48,3.28,81,Forward,210.0
1629603,27.0,6,24.0,4,6,0.667,0,1,0.667,4,6,0.667,0.1666666666666666,0.5,0.6666666666666666,0.3333333333333333,0.1666666666666666,0.1666666666666666,1,2,2.0,81,Forward,228.0
1641711,21.0,23,746.0,142,341,0.416,60,172,0.416,81,91,0.89,0.7391304347826086,2.6956521739130435,3.4347826086956523,1.9565217391304348,0.8260869565217391,0.2608695652173913,38,53,18.47826086956522,78,Guard-Forward,200.0
1631172,21.0,16,186.0,20,59,0.339,9,36,0.339,7,11,0.636,0.5625,2.0625,2.625,0.8125,0.6875,0.25,4,18,3.5,81,Forward,185.0
1642265,19.0,13,109.0,21,44,0.477,9,18,0.477,0,0,0.0,0.0769230769230769,0.6923076923076923,0.7692307692307693,1.4615384615384617,0.1538461538461538,0.0,13,4,3.923076923076923,75,Guard,175.0
203915,31.0,25,551.0,61,155,0.394,32,91,0.394,53,62,0.855,0.2,1.68,1.88,3.24,0.76,0.28,21,37,8.28,77,Guard,215.0
1629029,25.0,20,739.0,201,438,0.459,71,200,0.459,105,137,0.766,0.7,7.85,8.55,8.15,2.1,0.45,69,55,28.9,78,Forward-Guard,230.0
1629652,25.0,26,762.0,87,214,0.407,56,143,0.407,28,35,0.8,1.5,3.269230769230769,4.769230769230769,1.7692307692307692,1.2692307692307692,0.8461538461538461,16,81,9.923076923076923,76,Guard,220.0
1630245,24.0,28,858.0,142,284,0.5,39,116,0.5,42,52,0.808,0.6071428571428571,3.321428571428572,3.928571428571429,4.571428571428571,0.75,0.5,35,65,13.035714285714286,77,Guard,200.0
1630288,27.0,8,80.0,6,19,0.316,1,8,0.316,3,4,0.75,0.25,0.75,1.0,1.125,0.375,0.0,1,5,2.0,75,Guard,177.0
1628408,28.0,8,33.0,2,3,0.667,2,3,0.667,1,6,0.167,0.125,0.5,0.625,0.625,0.125,0.0,1,3,0.875,78,Guard-Forward,205.0
203083,31.0,21,431.0,66,127,0.52,1,8,0.52,31,54,0.574,3.0476190476190474,5.523809523809524,8.571428571428571,0.5238095238095238,1.380952380952381,0.4285714285714285,37,51,7.809523809523809,83,Center,279.0
1630537,27.0,12,50.0,9,18,0.5,5,12,0.5,6,8,0.75,0.3333333333333333,0.8333333333333334,1.1666666666666667,0.3333333333333333,0.0,0.0,1,5,2.4166666666666665,77,Guard,190.0
1642505,24.0,4,7.0,0,3,0.0,0,2,0.0,0,0,0.0,0.0,0.0,0.0,0.0,0.0,0.0,0,0,0.0,79,Guard,220.0
1630561,25.0,1,8.0,1,4,0.25,0,1,0.25,1,2,0.5,0.0,0.0,0.0,2.0,0.0,0.0,0,1,3.0,76,Guard,204.0
1627739,30.0,28,635.0,77,174,0.443,28,86,0.443,5,10,0.5,0.6785714285714286,2.821428571428572,3.5,2.7142857142857144,1.7142857142857142,0.25,29,73,6.678571428571429,75,Guard,205.0
1642346,21.0,21,367.0,51,119,0.429,24,76,0.429,5,12,0.417,0.6190476190476191,1.9523809523809523,2.571428571428572,0.7142857142857143,0.5238095238095238,0.5714285714285714,12,49,6.238095238095238,80,Forward,216.0
201142,36.0,15,534.0,137,264,0.519,38,92,0.519,73,89,0.82,0.2,6.266666666666667,6.466666666666667,3.6666666666666665,0.6,1.3333333333333333,45,25,25.666666666666668,83,Forward,240.0
1631105,21.0,25,608.0,91,133,0.684,0,0,0.684,39,67,0.582,3.08,6.04,9.12,2.32,0.48,1.2,51,81,8.84,82,Center,250.0
1631106,23.0,24,546.0,105,221,0.475,23,73,0.475,37,49,0.755,2.125,4.166666666666667,6.291666666666667,1.0416666666666667,1.9166666666666667,1.0,20,59,11.25,80,Forward,215.0
1641744,22.0,16,330.0,73,118,0.619,7,12,0.619,24,36,0.667,3.4375,3.75,7.1875,1.0,0.8125,1.0625,27,53,11.0625,88,Center,305.0
1630162,23.0,25,898.0,230,507,0.454,108,255,0.454,88,109,0.807,0.64,4.76,5.4,3.84,1.32,0.6,78,50,26.24,76,Guard,225.0
1642348,21.0,2,9.0,2,3,0.667,0,1,0.667,0,1,0.0,0.0,1.0,1.0,0.5,0.0,0.0,0,0,2.0,79,Forward,203.0
1630556,24.0,7,13.0,0,3,0.0,0,3,0.0,0,0,0.0,0.0,0.1428571428571428,0.1428571428571428,0.0,0.0,0.0,1,2,0.0,79,Forward,203.0
1631165,24.0,25,524.0,52,112,0.464,33,81,0.464,27,32,0.844,0.84,1.4,2.24,1.12,1.24,0.92,20,49,6.56,76,Guard,175.0
203954,30.0,6,176.0,39,95,0.411,4,25,0.411,40,42,0.952,1.5,6.166666666666667,7.666666666666667,3.8333333333333335,0.3333333333333333,1.0,20,15,20.33333333333333,84,Center-Forward,280.0
1629234,27.0,21,284.0,38,67,0.567,1,3,0.567,17,27,0.63,1.1428571428571428,2.857142857142857,4.0,1.1904761904761905,0.238095238095238,0.6666666666666666,16,26,4.476190476190476,82,Forward-Center,245.0
1641787,23.0,17,367.0,36,71,0.507,12,32,0.507,17,25,0.68,1.0588235294117647,2.4705882352941178,3.5294117647058822,0.9411764705882352,0.3529411764705882,0.2941176470588235,9,23,5.941176470588236,79,Forward,217.0
203957,28.0,55,1088.0,161,302,0.533,53,108,0.533,53,68,0.779,0.4545454545454545,2.2545454545454544,2.709090909090909,2.8545454545454545,0.4,0.0909090909090909,49,85,7.781818181818182,77,Guard,214.0
1628981,26.0,16,143.0,26,48,0.542,0,0,0.542,6,8,0.75,1.3125,1.8125,3.125,1.125,0.25,0.5625,14,26,3.625,81,Forward-Center,240.0
1642271,21.0,17,306.0,43,83,0.518,10,33,0.518,20,34,0.588,0.9411764705882352,3.4705882352941178,4.411764705882353,1.8235294117647056,0.4705882352941176,0.1176470588235294,16,31,6.823529411764706,83,Center,250.0
1627827,31.0,19,552.0,72,152,0.474,47,104,0.474,15,23,0.652,1.5263157894736843,2.789473684210526,4.315789473684211,1.631578947368421,0.9473684210526316,0.631578947368421,17,53,10.842105263157896,79,Forward,220.0
1641745,25.0,11,40.0,5,20,0.25,5,19,0.25,0,0,0.0,0.1818181818181818,0.3636363636363636,0.5454545454545454,0.0,0.1818181818181818,0.0,0,4,1.3636363636363635,75,Guard,180.0
1642280,19.0,1,14.0,4,9,0.444,0,2,0.444,1,1,1.0,1.0,3.0,4.0,0.0,0.0,0.0,1,3,9.0,81,Forward,185.0
1630201,26.0,69,877.0,136,325,0.418,56,169,0.418,52,71,0.732,0.3043478260869565,1.3478260869565215,1.6521739130434785,1.884057971014493,0.5507246376811594,0.1159420289855072,63,66,5.507246376811594,73,Guard,185.0
1631323,29.0,26,475.0,53,133,0.398,30,88,0.398,31,38,0.816,0.5384615384615384,2.3461538461538463,2.8846153846153846,0.8846153846153846,0.3076923076923077,0.1923076923076923,21,34,6.423076923076923,79,Forward,209.0
1628368,27.0,27,1007.0,263,545,0.483,55,170,0.483,126,158,0.797,1.148148148148148,3.925925925925926,5.074074074074074,6.148148148148148,1.6296296296296295,0.2962962962962963,94,70,26.185185185185187,75,Guard,185.0
1642402,24.0,16,113.0,9,19,0.474,1,5,0.474,5,9,0.556,0.1875,0.5625,0.75,0.375,0.125,0.125,4,15,1.5,79,Forward,206.0
1641847,24.0,5,13.0,0,4,0.0,0,3,0.0,0,0,0.0,0.0,0.0,0.0,0.0,0.2,0.2,0,0,0.0,77,Guard,200.0
1642277,20.0,17,173.0,18,46,0.391,11,28,0.391,7,7,1.0,0.6470588235294118,0.7647058823529411,1.411764705882353,0.4117647058823529,0.4117647058823529,0.2941176470588235,9,17,3.176470588235294,81,Guard,200.0
1629655,26.0,26,531.0,132,183,0.721,0,0,0.721,48,72,0.667,2.730769230769231,3.692307692307693,6.423076923076923,1.2692307692307692,0.5,1.1538461538461535,26,65,12.0,82,Forward-Center,265.0
1629636,24.0,26,786.0,188,388,0.485,74,177,0.485,77,82,0.939,0.4615384615384615,1.9615384615384608,2.423076923076923,6.5,1.0,0.2692307692307692,64,62,20.26923076923077,73,Guard,192.0
1630568,25.0,8,36.0,12,21,0.571,1,6,0.571,5,8,0.625,0.5,0.625,1.125,0.0,0.125,0.0,3,4,3.75,82,Center,243.0
1641718,21.0,25,791.0,135,343,0.394,68,195,0.394,67,83,0.807,0.48,2.88,3.36,5.72,0.72,0.2,83,45,16.2,76,Guard,185.0
1642273,21.0,20,514.0,51,153,0.333,24,100,0.333,20,28,0.714,0.7,3.35,4.05,2.55,0.65,0.7,21,62,7.3,80,Forward,200.0
202331,34.0,14,442.0,87,199,0.437,32,91,0.437,34,43,0.791,0.6428571428571429,4.642857142857143,5.285714285714286,5.142857142857143,1.8571428571428568,0.5,39,32,17.142857142857142,80,Forward,220.0
201959,39.0,14,151.0,16,34,0.471,1,2,0.471,4,6,0.667,1.5,1.7142857142857142,3.2142857142857144,0.5,0.4285714285714285,0.2142857142857142,9,18,2.642857142857143,81,Forward,232.0
1630581,22.0,27,732.0,122,270,0.452,33,101,0.452,44,62,0.71,1.2222222222222223,5.185185185185185,6.407407407407407,6.925925925925926,0.9629629629629628,0.4444444444444444,73,41,11.88888888888889,80,Guard,216.0
1628385,26.0,23,100.0,23,50,0.46,3,14,0.46,7,13,0.538,0.5217391304347826,0.782608695652174,1.3043478260869563,0.2608695652173913,0.0869565217391304,0.1304347826086956,6,15,2.4347826086956523,82,Forward-Center,240.0
1628983,26.0,26,897.0,278,542,0.513,54,161,0.513,182,210,0.867,0.7692307692307693,4.653846153846154,5.423076923076923,6.269230769230769,1.9615384615384608,1.0384615384615383,69,56,30.46153846153846,78,Guard,195.0
1630264,32.0,20,149.0,17,34,0.5,4,12,0.5,10,18,0.556,0.25,1.0,1.25,0.3,0.25,0.05,5,12,2.4,80,Forward,230.0
1631221,25.0,1,3.0,1,2,0.5,1,1,0.5,0,0,0.0,0.0,0.0,0.0,0.0,0.0,0.0,0,0,3.0,73,Guard,195.0
1631367,25.0,41,698.0,60,150,0.4,51,126,0.4,2,2,1.0,0.2195121951219512,0.902439024390244,1.1219512195121952,3.341463414634146,0.8048780487804879,0.1219512195121951,30,39,4.219512195121951,68,Guard,160.0
203497,32.0,25,861.0,100,158,0.633,0,0,0.633,65,85,0.765,3.36,7.64,11.0,2.0,0.72,1.44,41,70,10.6,85,Center,258.0
1630692,25.0,57,1056.0,141,382,0.369,42,141,0.369,44,59,0.746,1.543859649122807,2.894736842105264,4.43859649122807,2.719298245614035,0.8421052631578947,0.3157894736842105,56,76,6.456140350877193,76,Guard,200.0
203932,29.0,13,381.0,67,123,0.545,18,39,0.545,43,53,0.811,1.9230769230769231,4.153846153846154,6.076923076923077,3.3076923076923075,0.4615384615384615,0.2307692307692307,19,22,15.0,80,Forward,235.0
201569,35.0,17,290.0,28,82,0.341,13,47,0.341,17,22,0.773,0.1764705882352941,0.7647058823529411,0.9411764705882352,1.2941176470588236,0.6470588235294118,0.2941176470588235,14,13,5.0588235294117645,75,Guard,215.0
1641789,21.0,8,25.0,5,11,0.455,2,4,0.455,1,2,0.5,0.125,0.125,0.25,0.25,0.0,0.125,2,3,1.625,74,Guard,184.0
1628984,29.0,23,313.0,38,108,0.352,25,83,0.352,13,16,0.813,0.217391304347826,1.3478260869565215,1.565217391304348,2.130434782608696,0.391304347826087,0.0869565217391304,17,14,4.956521739130435,73,Guard,195.0
203924,30.0,24,789.0,127,322,0.394,61,159,0.394,71,87,0.816,0.4583333333333333,3.1666666666666665,3.625,2.333333333333333,1.0,1.0,34,57,16.083333333333332,79,Forward,210.0
1631260,25.0,24,507.0,65,136,0.478,59,124,0.478,5,6,0.833,0.1666666666666666,1.9583333333333333,2.125,0.9583333333333334,0.5,0.0833333333333333,17,51,8.083333333333334,76,Guard,190.0
203110,34.0,24,677.0,72,167,0.431,35,89,0.431,34,53,0.642,0.9166666666666666,5.083333333333333,6.0,5.583333333333333,1.0,0.9583333333333334,61,79,8.875,78,Forward,230.0
1630224,22.0,27,880.0,179,442,0.405,67,211,0.405,102,117,0.872,0.5185185185185185,4.148148148148148,4.666666666666667,2.6296296296296298,1.1111111111111112,0.2962962962962963,74,48,19.51851851851852,76,Guard,186.0
1629750,31.0,26,592.0,56,130,0.431,17,56,0.431,32,43,0.744,0.9615384615384616,2.3461538461538463,3.3076923076923075,0.7692307692307693,1.0384615384615383,0.6923076923076923,15,33,6.1923076923076925,77,Guard,205.0
201145,38.0,7,40.0,7,13,0.538,3,8,0.538,0,0,0.0,0.0,0.5714285714285714,0.5714285714285714,0.1428571428571428,0.2857142857142857,0.0,2,2,2.4285714285714284,80,Forward,235.0
1630182,24.0,25,692.0,69,163,0.423,37,88,0.423,15,25,0.6,1.0,1.56,2.56,1.64,0.92,0.36,22,75,7.6,77,Guard,200.0
1629656,24.0,25,515.0,75,160,0.469,38,93,0.469,32,45,0.711,0.56,3.0,3.56,1.48,0.76,0.2,30,44,8.8,76,Guard,210.0
1631243,22.0,2,11.0,1,4,0.25,0,2,0.25,0,0,0.0,0.0,1.0,1.0,0.0,0.0,0.0,1,0,1.0,82,Forward,210.0
1629060,26.0,21,693.0,96,198,0.485,31,70,0.485,34,42,0.81,1.809523809523809,3.6666666666666665,5.476190476190476,1.7142857142857142,1.0476190476190477,0.6190476190476191,18,44,12.238095238095235,80,Forward,230.0
1630169,24.0,27,953.0,168,394,0.426,82,234,0.426,72,85,0.847,0.7037037037037037,2.6666666666666665,3.3703703703703702,8.555555555555555,1.3333333333333333,0.6296296296296297,55,43,18.14814814814815,77,Guard,185.0
1641790,22.0,5,11.0,2,5,0.4,0,2,0.4,0,0,0.0,0.0,0.2,0.2,0.0,0.0,0.0,0,1,0.8,82,Center,245.0
203501,32.0,25,694.0,81,200,0.405,47,136,0.405,36,42,0.857,0.2,1.88,2.08,1.56,0.36,0.0,17,34,9.8,77,Guard-Forward,205.0
201935,35.0,27,912.0,171,436,0.392,79,223,0.392,178,199,0.894,0.5555555555555556,5.814814814814815,6.37037037037037,8.296296296296296,1.5555555555555556,0.6296296296296297,124,52,22.185185185185187,77,Guard,220.0
1630702,22.0,22,320.0,52,133,0.391,18,59,0.391,22,25,0.88,0.1818181818181818,1.181818181818182,1.3636363636363635,1.2272727272727273,0.6363636363636364,0.0454545454545454,31,30,6.545454545454546,75,Guard,198.0
1631199,24.0,1,4.0,0,0,0.0,0,0,0.0,0,0,0.0,0.0,0.0,0.0,1.0,0.0,0.0,0,2,0.0,76,Guard-Forward,233.0
203914,30.0,17,282.0,24,60,0.4,17,46,0.4,4,6,0.667,0.5294117647058824,0.8235294117647058,1.3529411764705883,0.4117647058823529,0.5294117647058824,0.2941176470588235,7,13,4.0588235294117645,76,Guard,210.0
1630284,27.0,2,6.0,2,3,0.667,0,0,0.667,0,0,0.0,0.0,1.0,1.0,0.5,0.0,0.0,1,3,2.0,77,Guard,216.0
202699,32.0,26,837.0,134,305,0.439,38,114,0.439,49,58,0.845,1.0769230769230769,5.846153846153846,6.923076923076923,2.3846153846153846,0.8076923076923077,0.8846153846153846,32,51,13.653846153846152,80,Forward,226.0
1628404,29.0,26,957.0,142,239,0.594,36,89,0.594,46,56,0.821,1.5384615384615383,6.653846153846154,8.192307692307692,5.5,1.4615384615384617,0.3461538461538461,47,61,14.076923076923077,76,Guard,215.0
1628392,26.0,11,334.0,60,104,0.577,0,4,0.577,17,27,0.63,3.0,9.272727272727272,12.272727272727272,4.090909090909091,1.0,1.181818181818182,25,35,12.454545454545457,84,Center-Forward,250.0
1630573,27.0,21,471.0,66,151,0.437,47,126,0.437,2,2,1.0,0.8571428571428571,2.6666666666666665,3.523809523809524,1.0476190476190477,0.8571428571428571,0.238095238095238,8,25,8.619047619047619,79,Forward,217.0
1641722,22.0,12,319.0,49,133,0.368,23,69,0.368,28,31,0.903,0.4166666666666667,3.1666666666666665,3.583333333333333,1.1666666666666667,0.25,0.4166666666666667,14,12,12.416666666666666,77,Guard,190.0
1629637,24.0,11,192.0,26,36,0.722,0,0,0.722,18,23,0.783,1.9090909090909087,2.636363636363636,4.545454545454546,0.8181818181818182,0.3636363636363636,0.8181818181818182,8,28,6.363636363636363,84,Center-Forward,220.0
1630165,22.0,42,1008.0,117,283,0.413,22,74,0.413,33,50,0.66,0.2619047619047619,2.571428571428572,2.833333333333333,4.880952380952381,0.8571428571428571,0.4761904761904761,51,75,6.880952380952381,77,Guard,195.0
1630703,20.0,19,486.0,74,185,0.4,17,61,0.4,41,52,0.788,0.631578947368421,2.0526315789473686,2.6842105263157894,5.052631578947368,0.8947368421052632,0.1578947368421052,54,49,10.842105263157896,75,Guard,206.0
1641707,21.0,3,75.0,4,18,0.222,3,12,0.222,3,4,0.75,1.6666666666666667,3.333333333333333,5.0,0.6666666666666666,1.6666666666666667,1.3333333333333333,2,8,4.666666666666667,81,Forward,215.0
1629639,24.0,24,838.0,201,422,0.476,100,242,0.476,77,88,0.875,0.2916666666666667,4.958333333333333,5.25,4.833333333333333,0.75,0.0833333333333333,60,39,24.125,77,Guard,195.0
1627741,32.0,26,621.0,130,287,0.453,82,194,0.453,24,26,0.923,0.5769230769230769,2.8461538461538463,3.423076923076923,1.3461538461538465,0.9230769230769232,0.3076923076923077,33,51,14.076923076923077,76,Guard,220.0
1629312,28.0,22,546.0,57,120,0.475,29,68,0.475,13,19,0.684,0.7727272727272727,2.227272727272727,3.0,1.1363636363636365,1.1363636363636365,0.7727272727272727,15,45,7.090909090909091,77,Forward,220.0
1630792,27.0,5,9.0,2,4,0.5,1,3,0.5,0,0,0.0,0.0,0.6,0.6,0.0,0.0,0.0,0,1,1.0,78,Forward,220.0
1630207,25.0,15,75.0,11,26,0.423,7,14,0.423,4,5,0.8,0.4666666666666667,1.0,1.4666666666666666,0.6666666666666666,0.2,0.1333333333333333,3,11,2.2,77,Guard-Forward,210.0
1628988,28.0,17,166.0,24,51,0.471,17,38,0.471,9,11,0.818,0.0,1.0588235294117647,1.0588235294117647,1.2352941176470589,0.1176470588235294,0.0588235294117647,5,12,4.352941176470588,72,Guard,185.0
201950,34.0,24,734.0,106,242,0.438,43,133,0.438,40,45,0.889,1.0833333333333333,3.0,4.083333333333333,3.9583333333333335,0.75,0.375,34,33,12.291666666666666,76,Guard,205.0
1641842,19.0,28,453.0,69,148,0.466,12,57,0.466,27,34,0.794,0.5714285714285714,2.5,3.071428571428572,0.6785714285714286,0.4642857142857143,0.1785714285714285,27,45,6.321428571428571,80,Forward,206.0
1626158,31.0,3,20.0,5,10,0.5,0,1,0.5,2,2,1.0,0.6666666666666666,1.0,1.6666666666666667,0.0,0.0,0.6666666666666666,2,1,4.0,81,Forward,235.0
1631096,22.0,10,265.0,56,111,0.505,14,37,0.505,38,49,0.776,1.6,7.1,8.7,2.0,0.8,2.6,23,18,16.4,85,Center-Forward,208.0
1641720,21.0,2,14.0,1,1,1.0,0,0,1.0,2,2,1.0,0.5,0.0,0.5,0.5,0.0,0.5,1,3,2.0,77,Guard,210.0
201143,38.0,20,554.0,65,141,0.461,41,103,0.461,6,6,1.0,0.95,4.35,5.3,2.3,0.7,0.95,19,33,8.85,81,Center-Forward,240.0
1629659,24.0,22,264.0,59,112,0.527,21,49,0.527,23,35,0.657,0.5,1.5,2.0,1.4545454545454546,0.2727272727272727,0.2272727272727272,12,21,7.363636363636363,76,Guard,234.0
1631216,21.0,18,99.0,8,26,0.308,6,22,0.308,2,2,1.0,0.1111111111111111,0.3888888888888889,0.5,0.0555555555555555,0.0,0.1111111111111111,1,6,1.3333333333333333,80,Guard,205.0
1641724,21.0,27,282.0,37,100,0.37,24,77,0.37,6,7,0.857,0.3703703703703703,0.7407407407407407,1.1111111111111112,0.4444444444444444,0.1851851851851851,0.2222222222222222,9,25,3.851851851851852,78,Guard,215.0
1628989,26.0,23,589.0,87,202,0.431,42,135,0.431,12,17,0.706,0.391304347826087,3.0869565217391304,3.4782608695652173,2.0434782608695654,1.0869565217391304,0.5217391304347826,22,53,9.91304347826087,79,Guard-Forward,198.0
1630643,27.0,27,410.0,86,167,0.515,44,107,0.515,31,41,0.756,0.6296296296296297,2.1481481481481484,2.7777777777777777,0.8148148148148148,0.2962962962962963,1.1851851851851851,17,47,9.148148148148149,85,Center,240.0
1630574,22.0,11,97.0,9,14,0.643,0,0,0.643,3,6,0.5,0.2727272727272727,1.5454545454545454,1.818181818181818,0.5454545454545454,0.0,0.7272727272727273,9,14,1.9090909090909087,83,Center,246.0
1629631,27.0,17,483.0,111,232,0.478,48,106,0.478,66,76,0.868,0.6470588235294118,3.4705882352941178,4.117647058823529,1.2941176470588236,0.7647058823529411,0.1176470588235294,22,43,19.764705882352946,80,Forward-Guard,221.0
1630538,24.0,12,137.0,30,73,0.411,23,52,0.411,15,18,0.833,0.25,0.8333333333333334,1.0833333333333333,1.1666666666666667,0.9166666666666666,0.3333333333333333,15,15,8.166666666666666,74,Guard,169.0
1642345,22.0,20,332.0,37,60,0.617,0,0,0.617,10,13,0.769,1.15,2.7,3.85,0.95,0.45,0.3,12,36,4.2,84,Forward,235.0
204060,37.0,7,26.0,0,2,0.0,0,2,0.0,0,0,0.0,0.2857142857142857,0.0,0.2857142857142857,1.2857142857142858,0.0,0.0,1,5,0.0,80,Forward-Guard,220.0
1627742,27.0,18,595.0,155,333,0.465,43,115,0.465,47,55,0.855,0.9444444444444444,4.611111111111111,5.555555555555555,5.166666666666667,0.8888888888888888,0.6111111111111112,69,45,22.22222222222222,80,Forward,190.0
1631127,22.0,1,7.0,0,1,0.0,0,0,0.0,0,0,0.0,0.0,1.0,1.0,0.0,0.0,0.0,0,1,0.0,77,Forward,230.0
202681,32.0,24,848.0,213,423,0.504,74,158,0.504,73,83,0.88,1.125,3.583333333333333,4.708333333333333,5.333333333333333,1.2083333333333333,0.25,52,54,23.875,74,Guard,195.0
1628371,27.0,23,386.0,52,118,0.441,18,61,0.441,20,29,0.69,1.6521739130434785,2.9130434782608696,4.565217391304348,0.217391304347826,0.8695652173913043,1.434782608695652,10,33,6.173913043478261,82,Forward,230.0
1631093,22.0,25,759.0,153,351,0.436,47,128,0.436,79,108,0.731,1.28,2.84,4.12,4.16,0.96,0.4,75,61,17.28,76,Guard,195.0
1641713,19.0,48,1233.0,241,563,0.428,102,286,0.428,115,153,0.752,1.1041666666666667,2.9791666666666665,4.083333333333333,1.2291666666666667,0.5833333333333334,0.5,65,64,14.5625,81,Forward,210.0
1630543,22.0,5,84.0,14,23,0.609,0,0,0.609,7,14,0.5,2.2,3.4,5.6,1.0,0.6,1.6,5,14,7.0,81,Forward,205.0
1631245,26.0,15,242.0,39,75,0.52,9,24,0.52,12,17,0.706,0.6666666666666666,1.1333333333333333,1.8,1.8666666666666667,0.6,0.3333333333333333,11,29,6.6,77,Guard,173.0
202704,34.0,11,124.0,17,41,0.415,12,27,0.415,0,0,0.0,0.0909090909090909,0.7272727272727273,0.8181818181818182,2.0,0.5454545454545454,0.2727272727272727,7,9,4.181818181818182,74,Guard,208.0
1641748,23.0,24,432.0,34,83,0.41,16,42,0.41,4,8,0.5,0.7916666666666666,2.2916666666666665,3.083333333333333,1.4166666666666667,0.7916666666666666,0.2916666666666667,32,62,3.6666666666666665,78,Guard,209.0
1628991,25.0,26,726.0,202,390,0.518,48,131,0.518,114,139,0.82,1.3076923076923077,4.538461538461538,5.846153846153846,1.4615384615384617,1.5,1.7307692307692308,51,84,21.76923076923077,82,Forward-Center,242.0
1631218,24.0,25,422.0,80,132,0.606,0,1,0.606,23,38,0.605,1.68,3.16,4.84,2.0,0.28,0.68,19,30,7.32,81,Forward,245.0
1642355,20.0,7,18.0,1,8,0.125,0,4,0.125,2,2,1.0,0.1428571428571428,0.0,0.1428571428571428,0.2857142857142857,0.1428571428571428,0.1428571428571428,0,2,0.5714285714285714,75,Guard,210.0
2544,39.0,24,840.0,208,423,0.492,50,137,0.492,81,109,0.743,1.0416666666666667,6.958333333333333,8.0,9.083333333333334,0.7083333333333334,0.625,99,30,22.791666666666668,81,Forward,250.0
1631170,23.0,20,421.0,66,157,0.42,10,40,0.42,34,47,0.723,1.35,3.45,4.8,2.3,1.0,0.1,29,32,8.8,78,Guard,225.0
1629610,27.0,3,61.0,13,20,0.65,6,10,0.65,1,2,0.5,1.0,2.6666666666666665,3.6666666666666665,1.0,0.3333333333333333,0.3333333333333333,2,4,11.0,77,Guard-Forward,222.0
1641998,25.0,16,166.0,15,32,0.469,0,0,0.469,8,21,0.381,1.375,1.375,2.75,0.625,0.4375,0.375,10,27,2.375,82,Center,260.0
1642450,23.0,2,5.0,0,2,0.0,0,2,0.0,0,0,0.0,0.0,0.0,0.0,0.0,0.0,0.0,0,1,0.0,75,Guard,165.0
1629660,27.0,26,467.0,101,188,0.537,34,76,0.537,41,45,0.911,0.5384615384615384,1.5,2.0384615384615383,3.4615384615384617,1.2692307692307692,0.0384615384615384,32,40,10.653846153846152,77,Guard-Forward,195.0
1630198,25.0,24,509.0,74,179,0.413,53,140,0.413,10,13,0.769,0.5,2.208333333333333,2.708333333333333,1.5833333333333333,0.6666666666666666,0.25,12,40,8.791666666666666,75,Guard,165.0
1642358,20.0,5,11.0,3,6,0.5,1,1,0.5,0,0,0.0,0.0,0.4,0.4,0.2,0.0,0.0,2,0,1.4,77,Guard,160.0
1629661,28.0,26,848.0,162,331,0.489,85,197,0.489,90,103,0.874,0.7307692307692307,3.730769230769231,4.461538461538462,3.076923076923077,0.8076923076923077,0.5384615384615384,29,50,19.192307692307693,80,Forward,210.0
1630552,23.0,26,955.0,203,405,0.501,39,114,0.501,68,91,0.747,1.6923076923076923,8.384615384615385,10.076923076923077,5.423076923076923,1.3846153846153846,1.1538461538461535,85,51,19.73076923076923,80,Forward,219.0
201949,37.0,3,10.0,2,4,0.5,0,1,0.5,0,0,0.0,0.0,0.6666666666666666,0.6666666666666666,0.6666666666666666,0.0,0.3333333333333333,3,0,1.3333333333333333,79,Forward,240.0
1629640,25.0,24,613.0,112,248,0.452,27,93,0.452,51,67,0.761,1.1666666666666667,4.166666666666667,5.333333333333333,1.7083333333333333,0.8333333333333334,0.2083333333333333,20,41,12.583333333333334,77,Forward-Guard,220.0
1630553,22.0,25,428.0,52,152,0.342,29,95,0.342,9,12,0.75,0.52,2.28,2.8,1.08,0.52,0.32,25,58,5.68,77,Guard,185.0
1642352,23.0,2,12.0,1,2,0.5,0,1,0.5,0,0,0.0,0.0,1.0,1.0,0.0,0.0,0.0,0,0,1.0,79,Forward,225.0
1641749,24.0,9,66.0,5,16,0.313,1,3,0.313,0,0,0.0,0.4444444444444444,0.6666666666666666,1.1111111111111112,0.4444444444444444,0.1111111111111111,0.0,4,5,1.2222222222222223,76,Forward,230.0
203999,29.0,21,783.0,247,443,0.558,45,92,0.558,110,138,0.797,3.761904761904762,9.523809523809524,13.285714285714286,9.904761904761903,1.809523809523809,0.7142857142857143,81,41,30.904761904761905,83,Center,284.0
1641732,22.0,17,101.0,8,22,0.364,4,9,0.364,0,0,0.0,0.3529411764705882,0.7058823529411765,1.0588235294117647,0.2352941176470588,0.2941176470588235,0.2941176470588235,6,10,1.1764705882352942,78,Guard,207.0
1641794,23.0,21,177.0,19,55,0.345,7,33,0.345,5,8,0.625,0.7619047619047619,1.238095238095238,2.0,0.7142857142857143,0.1904761904761904,0.0476190476190476,8,19,2.380952380952381,77,Forward,235.0
1630529,26.0,10,324.0,44,97,0.454,14,44,0.454,19,24,0.792,1.1,2.7,3.8,2.3,1.8,0.4,18,29,12.1,79,Forward,206.0
1642403,24.0,16,148.0,29,45,0.644,1,4,0.644,7,15,0.467,0.5,1.0,1.5,0.125,0.125,0.375,9,22,4.125,81,Forward,245.0
1630539,23.0,19,152.0,15,20,0.75,0,0,0.75,9,12,0.75,0.631578947368421,1.1578947368421053,1.7894736842105263,0.4210526315789473,0.3157894736842105,0.4736842105263157,8,19,2.0526315789473686,83,Center-Forward,221.0
1630222,26.0,3,13.0,0,2,0.0,0,2,0.0,0,0,0.0,0.3333333333333333,1.0,1.3333333333333333,2.333333333333333,0.0,0.0,0,1,0.0,76,Guard,200.0
1642461,23.0,2,4.0,0,1,0.0,0,1,0.0,0,0,0.0,0.0,0.5,0.5,0.0,1.0,0.0,0,0,0.0,79,Forward,225.0
1630200,24.0,9,154.0,10,32,0.313,3,13,0.313,10,14,0.714,0.5555555555555556,1.5555555555555556,2.111111111111111,3.111111111111111,0.5555555555555556,0.2222222222222222,5,13,3.6666666666666665,73,Guard,185.0
1626145,28.0,25,806.0,121,245,0.494,60,136,0.494,17,20,0.85,0.56,2.08,2.64,6.88,1.08,0.08,26,28,12.76,73,Guard,196.0
1627884,27.0,26,645.0,100,198,0.505,32,74,0.505,27,31,0.871,1.1538461538461535,2.1153846153846154,3.269230769230769,0.9230769230769232,1.2692307692307692,0.2692307692307692,27,55,9.961538461538462,78,Forward,210.0
201599,36.0,12,122.0,14,24,0.583,0,0,0.583,2,8,0.25,1.0,2.6666666666666665,3.6666666666666665,1.0833333333333333,0.3333333333333333,0.3333333333333333,11,14,2.5,83,Center,265.0
202709,33.0,15,63.0,6,18,0.333,5,14,0.333,0,0,0.0,0.2,0.5333333333333333,0.7333333333333333,0.7333333333333333,0.2,0.1333333333333333,3,4,1.1333333333333333,74,Guard,200.0
1631107,21.0,15,279.0,43,92,0.467,16,46,0.467,20,27,0.741,0.5333333333333333,3.2,3.733333333333333,1.2666666666666666,0.9333333333333332,0.1333333333333333,8,21,8.133333333333333,82,Forward,205.0
1630548,23.0,22,377.0,51,127,0.402,35,92,0.402,11,13,0.846,0.5,1.681818181818182,2.1818181818181817,1.0454545454545454,0.3181818181818182,0.1818181818181818,11,43,6.727272727272728,77,Guard,209.0
1626163,30.0,36,235.0,31,63,0.492,13,33,0.492,14,16,0.875,0.1944444444444444,1.25,1.4444444444444444,0.8888888888888888,0.1666666666666666,0.1111111111111111,9,22,2.4722222222222223,84,Forward-Center,240.0
1642530,23.0,14,41.0,4,15,0.267,2,11,0.267,4,6,0.667,0.0,0.1428571428571428,0.1428571428571428,0.5714285714285714,0.0714285714285714,0.0,4,4,1.0,68,Guard,159.0
1628379,28.0,16,319.0,39,89,0.438,29,63,0.438,14,18,0.778,0.4375,2.0,2.4375,2.8125,0.6875,0.125,11,12,7.5625,77,Guard,206.0
1631117,23.0,20,587.0,94,131,0.718,2,2,0.718,28,48,0.583,3.95,6.65,10.6,1.55,0.45,2.85,29,42,10.9,84,Center,245.0
1630557,25.0,20,544.0,81,192,0.422,38,117,0.422,20,24,0.833,0.35,3.1,3.45,1.5,0.6,0.2,23,33,11.0,78,Forward,224.0
1628467,32.0,15,251.0,9,27,0.333,2,9,0.333,4,6,0.667,0.4666666666666667,2.466666666666667,2.933333333333333,0.5333333333333333,0.1333333333333333,0.4666666666666667,10,29,1.6,82,Forward,240.0
1642261,23.0,26,614.0,103,220,0.468,50,133,0.468,20,28,0.714,0.6538461538461539,3.076923076923077,3.730769230769231,1.1153846153846154,0.5,0.0384615384615384,16,39,10.615384615384617,78,Forward,215.0
1628995,24.0,31,560.0,86,186,0.462,31,94,0.462,20,22,0.909,0.5806451612903226,1.8387096774193548,2.419354838709677,0.7419354838709677,0.4193548387096774,0.2258064516129032,22,50,7.193548387096774,79,Forward,215.0
1642278,23.0,16,110.0,16,37,0.432,10,22,0.432,4,4,1.0,0.125,0.625,0.75,0.6875,0.375,0.0625,7,9,2.875,75,Guard,195.0
1631132,24.0,16,162.0,14,22,0.636,0,2,0.636,3,4,0.75,0.8125,1.5,2.3125,0.25,0.3125,0.375,5,21,1.9375,84,Center,220.0
1629723,28.0,14,169.0,13,26,0.5,9,22,0.5,3,4,0.75,0.8571428571428571,1.9285714285714288,2.7857142857142856,1.0,0.5714285714285714,0.4285714285714285,7,13,2.7142857142857144,77,Guard,210.0
1628436,29.0,21,347.0,36,56,0.643,0,0,0.643,27,34,0.794,1.9047619047619049,2.619047619047619,4.523809523809524,1.5238095238095235,0.4761904761904761,1.0476190476190477,9,26,4.714285714285714,85,Center-Forward,250.0
1630249,24.0,14,165.0,12,39,0.308,4,21,0.308,5,9,0.556,0.5,1.2857142857142858,1.7857142857142858,1.4285714285714286,0.5,0.2857142857142857,9,22,2.357142857142857,80,Guard,195.0
1630228,22.0,24,607.0,139,315,0.441,28,89,0.441,60,101,0.594,1.2083333333333333,3.1666666666666665,4.375,1.9583333333333333,0.9583333333333334,0.5833333333333334,38,50,15.25,79,Forward,225.0
1628398,29.0,12,330.0,76,181,0.42,16,58,0.42,22,32,0.688,0.6666666666666666,4.916666666666667,5.583333333333333,1.9166666666666667,0.4166666666666667,0.25,29,23,15.833333333333334,81,Forward,221.0
1631222,23.0,28,642.0,83,168,0.494,26,62,0.494,46,64,0.719,1.3571428571428572,3.1785714285714284,4.535714285714286,3.392857142857143,0.8928571428571429,0.6428571428571429,43,62,8.5,79,Forward,235.0
203897,29.0,24,800.0,192,380,0.505,80,184,0.505,72,89,0.809,0.2083333333333333,4.25,4.458333333333333,4.166666666666667,0.8333333333333334,0.25,68,43,22.33333333333333,77,Guard,200.0
1627746,24.0,33,567.0,81,147,0.551,3,13,0.551,25,33,0.758,1.9696969696969693,3.1515151515151514,5.121212121212121,1.2727272727272727,0.2121212121212121,0.9393939393939394,30,89,5.757575757575758,82,Forward-Center,235.0
1629111,29.0,15,158.0,21,47,0.447,3,6,0.447,10,19,0.526,1.3333333333333333,1.8,3.1333333333333333,0.9333333333333332,0.2,0.4,7,14,3.6666666666666665,83,Center,255.0
1641796,23.0,15,245.0,34,63,0.54,11,29,0.54,11,20,0.55,0.6666666666666666,1.3333333333333333,2.0,1.4666666666666666,0.6,0.0,8,32,6.0,77,Guard,215.0
1627747,30.0,21,512.0,89,168,0.53,39,80,0.53,41,60,0.683,0.5238095238095238,2.380952380952381,2.9047619047619047,4.190476190476191,0.9523809523809524,0.5238095238095238,28,28,12.285714285714286,78,Guard,205.0
1627814,32.0,4,38.0,4,14,0.286,1,9,0.286,6,6,1.0,0.0,1.25,1.25,1.25,0.5,0.0,3,1,3.75,78,Guard-Forward,210.0
203458,31.0,20,138.0,12,22,0.545,0,4,0.545,2,4,0.5,0.45,1.25,1.7,0.8,0.15,0.55,6,17,1.3,84,Center,250.0
202695,33.0,68,2330.0,610,1162,0.525,140,336,0.525,253,286,0.885,1.2352941176470589,4.882352941176471,6.117647058823529,3.588235294117647,1.6323529411764706,0.8676470588235294,119,97,23.72058823529412,79,Forward,225.0
1642502,25.0,6,21.0,0,2,0.0,0,1,0.0,2,4,0.5,0.1666666666666666,0.3333333333333333,0.5,0.1666666666666666,0.0,0.0,1,4,0.3333333333333333,81,Forward,210.0
1641721,22.0,7,29.0,2,6,0.333,0,0,0.333,0,0,0.0,0.2857142857142857,0.0,0.2857142857142857,0.2857142857142857,0.1428571428571428,0.0,2,1,0.5714285714285714,79,Forward,215.0
1630184,23.0,28,264.0,34,92,0.37,4,33,0.37,17,20,0.85,0.3214285714285714,0.6071428571428571,0.9285714285714286,1.3214285714285714,0.3214285714285714,0.0714285714285714,14,13,3.1785714285714284,73,Guard,170.0
1630604,24.0,6,31.0,5,8,0.625,3,6,0.625,2,2,1.0,0.1666666666666666,0.6666666666666666,0.8333333333333334,0.5,0.1666666666666666,0.1666666666666666,2,8,2.5,78,Forward,240.0
203081,34.0,22,800.0,174,387,0.45,76,205,0.45,142,155,0.916,0.5454545454545454,3.954545454545455,4.5,7.545454545454546,1.0454545454545454,0.1818181818181818,66,42,25.727272727272727,74,Guard,195.0
1629642,24.0,45,458.0,57,124,0.46,21,70,0.46,17,20,0.85,0.3111111111111111,1.3555555555555556,1.6666666666666667,0.4666666666666667,0.2222222222222222,0.2222222222222222,14,39,3.3777777777777778,78,Forward-Guard,220.0
1641726,20.0,22,529.0,80,114,0.702,0,0,0.702,36,59,0.61,2.9545454545454546,4.727272727272728,7.681818181818182,2.409090909090909,0.5454545454545454,1.6363636363636365,28,64,8.909090909090908,85,Center,230.0
1641753,21.0,3,6.0,1,2,0.5,0,0,0.5,0,0,0.0,0.3333333333333333,0.3333333333333333,0.6666666666666666,0.3333333333333333,0.3333333333333333,0.0,1,0,0.6666666666666666,78,Forward,220.0
1631254,21.0,21,198.0,36,78,0.462,7,24,0.462,17,26,0.654,0.5714285714285714,1.238095238095238,1.809523809523809,1.5714285714285714,0.2857142857142857,0.238095238095238,14,24,4.571428571428571,78,Forward,275.0
1626172,28.0,24,394.0,54,104,0.519,0,0,0.519,17,39,0.436,3.4166666666666665,4.083333333333333,7.5,1.7916666666666667,0.8333333333333334,0.25,15,57,5.208333333333333,81,Forward,222.0
201572,36.0,25,817.0,106,223,0.475,45,126,0.475,24,34,0.706,1.2,3.72,4.92,1.56,1.04,2.12,29,62,11.24,85,Center,282.0
201567,36.0,14,165.0,31,84,0.369,18,49,0.369,10,15,0.667,1.0,3.7142857142857135,4.714285714285714,1.2857142857142858,0.9285714285714286,0.1428571428571428,11,13,6.428571428571429,80,Forward-Center,251.0
200768,38.0,17,368.0,25,68,0.368,18,52,0.368,18,23,0.783,0.4117647058823529,1.588235294117647,2.0,2.823529411764706,1.0588235294117647,0.3529411764705882,13,33,5.0588235294117645,72,Guard,196.0
1641754,24.0,9,52.0,4,17,0.235,3,13,0.235,3,4,0.75,0.1111111111111111,0.6666666666666666,0.7777777777777778,0.0,0.0,0.0,1,6,1.5555555555555556,76,Guard-Forward,220.0
1626168,29.0,18,353.0,33,91,0.363,22,66,0.363,10,14,0.714,0.8333333333333334,3.111111111111111,3.9444444444444446,0.9444444444444444,0.5555555555555556,0.6111111111111112,10,25,5.444444444444445,81,Forward,234.0
1627748,24.0,8,76.0,10,18,0.556,0,2,0.556,10,11,0.909,1.0,1.25,2.25,0.5,0.25,0.5,3,7,3.75,84,Forward-Center,221.0
1630572,25.0,19,182.0,30,55,0.545,17,38,0.545,11,15,0.733,0.631578947368421,2.263157894736842,2.894736842105264,0.3684210526315789,0.1578947368421052,0.2631578947368421,9,12,4.631578947368421,81,Forward-Center,240.0
1629611,28.0,23,484.0,56,128,0.438,16,47,0.438,16,24,0.667,1.0434782608695652,2.0434782608695654,3.0869565217391304,1.7391304347826086,0.9565217391304348,0.217391304347826,13,47,6.260869565217392,77,Guard-Forward,215.0
1630544,23.0,13,319.0,70,161,0.435,24,60,0.435,19,21,0.905,0.9230769230769232,2.0,2.923076923076923,3.0,0.5384615384615384,0.3076923076923077,25,24,14.076923076923077,75,Guard,178.0
1628374,27.0,21,667.0,122,270,0.452,55,143,0.452,99,112,0.884,1.7142857142857142,4.857142857142857,6.571428571428571,2.1904761904761907,0.7142857142857143,0.1428571428571428,31,35,18.95238095238096,84,Forward-Center,240.0
1630230,26.0,22,535.0,104,194,0.536,18,59,0.536,33,38,0.868,1.0909090909090908,2.363636363636364,3.4545454545454546,2.3181818181818183,0.9545454545454546,0.0909090909090909,32,33,11.772727272727272,78,Forward,220.0
1628997,29.0,20,582.0,60,148,0.405,15,51,0.405,39,58,0.672,1.35,3.25,4.6,2.25,0.95,0.45,36,33,8.7,77,Forward,205.0
1628998,29.0,27,709.0,89,200,0.445,33,101,0.445,24,35,0.686,1.0740740740740742,3.592592592592593,4.666666666666667,2.2222222222222223,1.148148148148148,0.7037037037037037,29,53,8.703703703703704,78,Forward,205.0
1641798,20.0,2,3.0,1,1,1.0,1,1,1.0,0,0,0.0,0.0,0.0,0.0,0.0,0.0,0.0,0,1,1.5,78,Guard,216.0
1630231,23.0,21,404.0,55,85,0.647,7,17,0.647,24,29,0.828,0.8571428571428571,1.809523809523809,2.6666666666666665,0.8095238095238095,0.3809523809523809,0.6666666666666666,9,53,6.714285714285714,78,Forward,215.0
1631213,25.0,11,165.0,26,55,0.473,19,41,0.473,4,5,0.8,0.8181818181818182,1.6363636363636365,2.4545454545454546,1.0909090909090908,0.4545454545454545,0.1818181818181818,7,13,6.818181818181818,78,Forward,215.0
1629726,28.0,19,343.0,43,99,0.434,37,83,0.434,26,31,0.839,0.1578947368421052,0.9473684210526316,1.105263157894737,1.4210526315789471,0.6842105263157895,0.1578947368421052,10,34,7.842105263157895,78,Guard,215.0
1631097,22.0,27,884.0,155,332,0.467,40,106,0.467,115,135,0.852,1.2222222222222223,5.111111111111111,6.333333333333333,1.7407407407407407,0.7037037037037037,0.3333333333333333,58,67,17.22222222222222,77,Guard-Forward,210.0
1631255,23.0,5,39.0,2,5,0.4,0,0,0.4,0,0,0.0,1.2,0.8,2.0,0.0,0.6,0.6,4,4,0.8,82,Forward-Center,231.0
1630178,24.0,18,664.0,157,383,0.41,53,167,0.41,84,101,0.832,0.2222222222222222,3.4444444444444446,3.6666666666666665,5.0,2.055555555555556,0.3333333333333333,41,47,25.05555555555556,74,Guard,200.0
1630219,26.0,38,433.0,63,159,0.396,16,54,0.396,13,17,0.765,0.2631578947368421,0.868421052631579,1.131578947368421,2.236842105263158,0.5526315789473685,0.1052631578947368,20,26,4.078947368421052,75,Guard,205.0
1630540,24.0,21,529.0,77,172,0.448,43,102,0.448,22,26,0.846,0.5714285714285714,1.9523809523809523,2.523809523809524,2.761904761904762,0.8571428571428571,0.238095238095238,21,36,10.428571428571429,73,Guard,195.0
1642272,20.0,23,592.0,126,274,0.46,51,133,0.46,49,56,0.875,0.5652173913043478,1.8695652173913044,2.4347826086956523,2.608695652173913,0.6521739130434783,0.0,37,37,15.304347826086955,75,Guard,195.0
1630644,25.0,1,5.0,0,0,0.0,0,0,0.0,0,0,0.0,0.0,1.0,1.0,2.0,0.0,0.0,0,0,0.0,74,Guard,185.0
203468,33.0,15,504.0,122,280,0.436,40,123,0.436,29,42,0.69,0.7333333333333333,3.066666666666667,3.8,3.866666666666666,1.2,0.4,26,38,20.866666666666667,75,Guard,190.0
204456,32.0,26,519.0,135,236,0.572,3,14,0.572,20,27,0.741,0.6153846153846154,1.9230769230769231,2.5384615384615383,4.1923076923076925,1.3076923076923077,0.3076923076923077,42,29,11.26923076923077,73,Guard,190.0
1630183,24.0,25,755.0,102,228,0.447,31,95,0.447,22,31,0.71,1.28,2.92,4.2,1.72,1.4,0.76,27,74,10.28,81,Forward,185.0
1629667,26.0,50,538.0,65,189,0.344,12,71,0.344,27,37,0.73,0.36,1.22,1.58,0.74,0.38,0.12,30,52,3.38,81,Forward,190.0
1631121,22.0,1,3.0,1,2,0.5,0,1,0.5,0,0,0.0,0.0,0.0,0.0,1.0,0.0,0.0,0,0,2.0,78,Guard,190.0
1629162,28.0,20,158.0,14,38,0.368,8,22,0.368,10,14,0.714,0.15,0.8,0.95,0.95,0.45,0.0,8,11,2.3,72,Guard,185.0
1629098,28.0,6,21.0,3,11,0.273,2,8,0.273,0,0,0.0,0.1666666666666666,0.5,0.6666666666666666,0.1666666666666666,0.0,0.1666666666666666,1,1,1.3333333333333333,80,Guard-Forward,215.0
1629001,26.0,6,121.0,22,54,0.407,13,35,0.407,5,8,0.625,1.0,2.333333333333333,3.333333333333333,2.833333333333333,1.1666666666666667,0.3333333333333333,10,18,10.333333333333334,75,Guard,200.0
1641877,26.0,25,307.0,12,28,0.429,0,0,0.429,9,12,0.75,1.16,1.44,2.6,0.36,0.24,0.56,14,64,1.32,81,Center,230.0
1630241,28.0,23,465.0,54,144,0.375,42,126,0.375,15,16,0.938,0.3478260869565217,1.5217391304347827,1.8695652173913044,1.7826086956521738,0.6086956521739131,0.217391304347826,10,47,7.173913043478261,76,Guard,205.0
203995,30.0,16,340.0,42,123,0.341,18,51,0.341,9,12,0.75,0.9375,2.0,2.9375,3.8125,0.5625,0.0,33,21,6.9375,75,Guard,188.0
203114,33.0,4,85.0,7,27,0.259,3,12,0.259,11,12,0.917,0.0,3.0,3.0,5.75,1.5,0.5,6,12,7.0,79,Forward,222.0
1641706,22.0,22,757.0,165,406,0.406,85,241,0.406,59,66,0.894,0.9545454545454546,4.227272727272728,5.181818181818182,3.4545454545454546,1.0909090909090908,0.7727272727272727,64,60,21.545454545454547,79,Forward,200.0
1641757,24.0,17,266.0,44,100,0.44,7,28,0.44,17,22,0.773,1.0,1.0588235294117647,2.0588235294117645,1.1764705882352942,0.3529411764705882,0.1764705882352941,15,18,6.588235294117647,77,Guard,194.0
1631159,20.0,17,52.0,13,20,0.65,2,5,0.65,1,2,0.5,0.2941176470588235,0.8823529411764706,1.1764705882352942,0.4705882352941176,0.1176470588235294,0.0588235294117647,1,5,1.7058823529411764,82,Forward,220.0
201988,36.0,9,138.0,11,31,0.355,7,24,0.355,3,3,1.0,0.1111111111111111,0.7777777777777778,0.8888888888888888,1.4444444444444444,0.6666666666666666,0.2222222222222222,8,8,3.555555555555556,74,Guard,180.0
1629003,28.0,23,390.0,55,120,0.458,20,54,0.458,18,24,0.75,0.6086956521739131,1.2173913043478262,1.826086956521739,2.0434782608695654,0.4347826086956521,0.0434782608695652,15,31,6.434782608695652,77,Guard,205.0
1631303,25.0,1,6.0,0,0,0.0,0,0,0.0,0,0,0.0,0.0,1.0,1.0,0.0,0.0,0.0,0,1,0.0,77,Forward,205.0
1642434,24.0,1,7.0,0,1,0.0,0,1,0.0,0,0,0.0,0.0,2.0,2.0,0.0,0.0,0.0,0,0,0.0,79,Forward,230.0
1631169,22.0,12,85.0,12,20,0.6,2,10,0.6,3,5,0.6,0.0833333333333333,1.0833333333333333,1.1666666666666667,0.4166666666666667,0.25,0.25,5,12,2.4166666666666665,80,Forward,205.0
1642274,20.0,27,701.0,100,181,0.552,0,0,0.552,51,79,0.646,3.851851851851852,4.7407407407407405,8.592592592592593,1.2222222222222223,0.6666666666666666,1.1851851851851851,29,59,9.296296296296296,83,Center,235.0
1642349,22.0,26,402.0,56,117,0.479,14,32,0.479,16,19,0.842,0.3846153846153846,1.1153846153846154,1.5,1.6923076923076923,0.8076923076923077,0.0769230769230769,20,45,5.461538461538462,77,Guard,190.0
1630558,26.0,27,723.0,68,171,0.398,24,82,0.398,21,31,0.677,0.5185185185185185,1.7407407407407407,2.259259259259259,5.037037037037037,0.8148148148148148,0.2592592592592592,53,78,6.703703703703703,72,Guard,202.0
1628378,28.0,26,830.0,217,484,0.448,97,240,0.448,76,95,0.8,0.5384615384615384,4.1923076923076925,4.730769230769231,4.461538461538462,1.6153846153846154,0.3076923076923077,55,58,23.346153846153847,75,Guard,215.0
1630596,23.0,25,759.0,176,312,0.564,23,56,0.564,84,104,0.808,2.2,6.72,8.92,2.64,1.08,1.48,54,53,18.36,83,Center,215.0
1630600,24.0,10,72.0,10,24,0.417,3,10,0.417,0,1,0.0,0.3,0.7,1.0,0.6,0.2,0.0,2,6,2.3,80,Forward,238.0
1642367,23.0,28,497.0,60,129,0.465,7,22,0.465,30,43,0.698,2.0357142857142856,2.607142857142857,4.642857142857143,1.821428571428572,0.8571428571428571,0.4285714285714285,26,53,5.607142857142857,81,Forward,225.0
1628370,26.0,20,579.0,115,253,0.455,48,127,0.455,45,53,0.849,0.2,3.4,3.6,5.0,0.8,0.6,27,46,16.15,75,Guard,200.0
1630541,22.0,23,358.0,58,138,0.42,30,82,0.42,25,35,0.714,0.4347826086956521,1.434782608695652,1.8695652173913044,0.8695652173913043,0.2608695652173913,0.2608695652173913,18,26,7.434782608695652,77,Guard,211.0
1631386,26.0,2,20.0,2,10,0.2,1,4,0.2,1,2,0.5,2.0,2.0,4.0,0.5,1.0,0.0,2,0,3.0,77,Guard,195.0
1631111,23.0,12,171.0,19,36,0.528,3,9,0.528,11,12,0.917,0.75,2.333333333333333,3.083333333333333,1.1666666666666667,0.6666666666666666,0.25,8,13,4.333333333333333,77,Guard,215.0
1629630,25.0,17,475.0,122,272,0.449,25,81,0.449,92,111,0.829,0.7647058823529411,3.823529411764706,4.588235294117647,8.117647058823529,1.1764705882352942,0.4117647058823529,63,30,21.23529411764705,74,Guard,174.0
202693,35.0,4,21.0,2,9,0.222,1,3,0.222,0,0,0.0,0.0,1.25,1.25,0.5,0.0,0.25,2,0,1.25,81,Forward,245.0
1628420,29.0,20,245.0,37,83,0.446,14,40,0.446,15,18,0.833,0.3,1.2,1.5,1.6,0.45,0.15,9,10,5.15,74,Guard,183.0
1630530,24.0,15,511.0,95,221,0.43,42,122,0.43,49,56,0.875,0.8,3.6,4.4,2.333333333333333,1.1333333333333333,0.6666666666666666,25,34,18.73333333333333,80,Forward,206.0
1627749,28.0,11,361.0,64,174,0.368,17,59,0.368,35,41,0.854,0.3636363636363636,6.0,6.363636363636363,6.909090909090909,2.0,0.5454545454545454,46,27,16.363636363636363,76,Guard,180.0
1627750,27.0,19,682.0,127,299,0.425,39,112,0.425,57,70,0.814,0.4736842105263157,3.473684210526316,3.947368421052632,6.052631578947368,1.4210526315789471,0.631578947368421,39,33,18.42105263157895,76,Guard,215.0
1631099,24.0,26,944.0,126,294,0.429,43,144,0.429,27,32,0.844,2.423076923076923,5.269230769230769,7.6923076923076925,1.5,0.6923076923076923,0.8461538461538461,27,80,12.384615384615383,80,Forward,225.0
1631200,24.0,21,267.0,38,80,0.475,11,33,0.475,8,20,0.4,1.0476190476190477,1.238095238095238,2.2857142857142856,0.6666666666666666,0.4285714285714285,0.1428571428571428,12,21,4.523809523809524,80,Forward,216.0
1629004,27.0,6,81.0,10,27,0.37,7,22,0.37,3,4,0.75,0.1666666666666666,1.5,1.6666666666666667,1.3333333333333333,0.8333333333333334,0.1666666666666666,10,8,5.0,79,Guard-Forward,205.0
1631250,24.0,8,27.0,1,6,0.167,1,1,0.167,0,2,0.0,0.0,0.375,0.375,0.0,0.125,0.0,1,2,0.375,82,Forward,225.0
1626204,31.0,11,196.0,42,67,0.627,21,35,0.627,3,4,0.75,1.181818181818182,2.363636363636364,3.5454545454545454,1.4545454545454546,0.9090909090909092,0.3636363636363636,4,17,9.818181818181818,80,Forward-Center,245.0
1629614,24.0,13,333.0,41,92,0.446,7,27,0.446,22,25,0.88,0.2307692307692307,2.230769230769231,2.4615384615384617,4.769230769230769,0.9230769230769232,0.0,23,24,8.538461538461538,76,Guard-Forward,191.0
1630174,25.0,6,136.0,19,36,0.528,6,11,0.528,11,13,0.846,0.6666666666666666,3.333333333333333,4.0,1.0,0.6666666666666666,0.3333333333333333,5,24,9.166666666666666,78,Guard-Forward,215.0
1641803,23.0,5,8.0,1,6,0.167,0,3,0.167,1,1,1.0,0.0,0.0,0.0,0.2,0.0,0.0,1,2,0.6,77,Guard,190.0
1627777,31.0,27,561.0,91,191,0.476,45,124,0.476,11,14,0.786,0.7777777777777778,3.2962962962962963,4.074074074074074,1.2592592592592593,0.3333333333333333,0.1851851851851851,28,61,8.814814814814815,79,Forward,230.0
1630227,22.0,3,13.0,0,1,0.0,0,1,0.0,1,2,0.5,0.0,1.3333333333333333,1.3333333333333333,1.0,0.0,0.0,4,1,0.3333333333333333,76,Guard,238.0
1630192,23.0,16,79.0,10,23,0.435,0,8,0.435,1,5,0.2,0.125,0.3125,0.4375,0.25,0.0625,0.125,2,6,1.3125,81,Forward-Center,240.0
1629669,25.0,8,168.0,26,73,0.356,8,27,0.356,7,11,0.636,0.75,1.75,2.5,2.25,0.125,0.5,8,9,8.375,76,Guard,201.0
1641806,24.0,1,4.0,0,1,0.0,0,0,0.0,2,2,1.0,2.0,0.0,2.0,2.0,1.0,0.0,0,0,2.0,67,Guard,160.0
203994,30.0,18,443.0,57,128,0.445,14,49,0.445,37,55,0.673,1.9444444444444444,8.055555555555555,10.0,1.2777777777777777,0.9444444444444444,0.7777777777777778,44,54,9.166666666666666,84,Center,290.0
1626220,31.0,25,656.0,99,216,0.458,65,142,0.458,16,21,0.762,1.16,4.76,5.92,2.16,0.88,0.56,24,55,11.16,78,Forward,226.0
1629643,25.0,47,432.0,40,112,0.357,23,82,0.357,4,7,0.571,0.3829787234042553,1.319148936170213,1.702127659574468,0.425531914893617,0.1914893617021276,0.1489361702127659,16,19,2.276595744680851,79,Forward,229.0
1629006,26.0,15,203.0,37,72,0.514,10,24,0.514,16,23,0.696,1.2666666666666666,1.6666666666666667,2.933333333333333,0.5333333333333333,0.9333333333333332,0.2666666666666666,10,15,6.666666666666667,76,Guard,213.0
1630168,24.0,25,594.0,110,203,0.542,10,41,0.542,53,68,0.779,2.52,4.12,6.64,1.4,0.68,0.68,21,55,11.32,82,Forward-Center,240.0
1630171,23.0,23,483.0,53,107,0.495,30,61,0.495,15,21,0.714,0.9130434782608696,1.3478260869565215,2.260869565217391,1.7391304347826086,0.7391304347826086,0.4347826086956521,9,47,6.565217391304348,77,Forward-Guard,225.0
1642439,23.0,1,8.0,1,3,0.333,1,3,0.333,0,0,0.0,0.0,0.0,0.0,0.0,0.0,0.0,1,0,3.0,75,Guard,200.0
203482,33.0,5,72.0,10,28,0.357,3,9,0.357,11,14,0.786,1.0,3.2,4.2,2.0,1.4,0.2,7,12,6.8,83,Forward-Center,240.0
1630647,27.0,43,393.0,81,167,0.485,13,46,0.485,32,49,0.653,0.813953488372093,1.162790697674419,1.976744186046512,0.813953488372093,0.627906976744186,0.1162790697674418,21,62,4.813953488372093,78,Forward,235.0
1629671,24.0,16,44.0,2,9,0.222,1,8,0.222,0,1,0.0,0.0625,0.375,0.4375,0.3125,0.0,0.0,1,7,0.3125,77,Guard-Forward,206.0
1626162,29.0,24,765.0,121,267,0.453,32,104,0.453,40,54,0.741,1.6666666666666667,4.125,5.791666666666667,1.5416666666666667,1.25,0.5,34,71,13.083333333333334,80,Forward-Guard,203.0
1628394,25.0,1,6.0,0,1,0.0,0,1,0.0,0,0,0.0,1.0,0.0,1.0,1.0,0.0,0.0,5,2,0.0,85,Center-Forward,229.0
101108,39.0,27,766.0,89,205,0.434,48,132,0.434,36,36,1.0,0.5555555555555556,3.555555555555556,4.111111111111111,8.37037037037037,1.5185185185185186,0.2222222222222222,52,50,9.703703703703704,72,Guard,175.0
1626166,30.0,20,342.0,56,129,0.434,32,77,0.434,9,11,0.818,0.3,1.55,1.85,3.05,0.6,0.35,10,42,7.65,75,Guard,183.0
1627780,32.0,26,341.0,54,101,0.535,5,31,0.535,6,11,0.545,1.2692307692307692,1.5,2.769230769230769,1.1538461538461535,0.7692307692307693,0.3846153846153846,14,36,4.576923076923077,74,Guard,195.0
1641970,23.0,7,122.0,18,35,0.514,5,13,0.514,7,10,0.7,1.5714285714285714,3.7142857142857135,5.285714285714286,0.2857142857142857,0.8571428571428571,0.5714285714285714,5,10,6.857142857142857,80,Forward,177.0
1641809,25.0,7,81.0,5,15,0.333,4,13,0.333,6,7,0.857,0.5714285714285714,1.7142857142857142,2.2857142857142856,0.5714285714285714,0.2857142857142857,0.2857142857142857,3,7,2.857142857142857,81,Forward,205.0
1641763,21.0,27,385.0,48,109,0.44,22,67,0.44,17,26,0.654,0.8148148148148148,1.2592592592592593,2.074074074074074,0.4444444444444444,0.6666666666666666,0.2592592592592592,12,41,5.0,80,Forward,198.0
1629618,25.0,5,41.0,3,5,0.6,2,4,0.6,0,0,0.0,0.2,0.8,1.0,1.6,0.2,0.0,2,6,1.6,74,Guard,202.0
1630590,24.0,28,624.0,110,236,0.466,26,80,0.466,39,57,0.684,0.5714285714285714,2.892857142857143,3.4642857142857144,5.107142857142857,1.0,0.3571428571428571,56,69,10.178571428571429,73,Guard,170.0
203486,34.0,24,420.0,39,70,0.557,0,0,0.557,23,42,0.548,1.5833333333333333,4.541666666666667,6.125,1.625,0.375,0.8333333333333334,22,48,4.208333333333333,82,Forward-Center,254.0
1641764,21.0,25,613.0,80,202,0.396,24,93,0.396,22,30,0.733,1.04,3.56,4.6,3.48,0.84,0.28,29,41,8.24,76,Guard,205.0
1629673,25.0,23,712.0,155,356,0.435,74,186,0.435,89,104,0.856,0.2608695652173913,2.130434782608696,2.391304347826087,5.086956521739131,1.6956521739130437,0.4782608695652174,80,81,20.565217391304348,76,Guard,194.0
1641854,24.0,16,151.0,18,31,0.581,5,11,0.581,3,5,0.6,0.0625,0.8125,0.875,1.375,0.3125,0.375,9,7,2.75,73,Guard,180.0
1629645,24.0,25,499.0,97,235,0.413,15,65,0.413,30,47,0.638,0.68,2.96,3.64,2.96,1.0,0.28,55,39,9.56,76,Guard-Forward,203.0
1629008,26.0,24,844.0,174,340,0.512,55,143,0.512,42,61,0.689,1.5833333333333333,5.541666666666667,7.125,2.833333333333333,0.875,0.375,32,53,18.541666666666668,82,Forward,218.0
1626171,29.0,24,578.0,132,276,0.478,29,79,0.478,21,29,0.724,1.7916666666666667,5.875,7.666666666666667,1.6666666666666667,0.5416666666666666,0.625,28,36,13.083333333333334,82,Forward,250.0
204001,29.0,8,220.0,54,115,0.47,17,51,0.47,28,35,0.8,1.625,5.5,7.125,1.625,0.75,1.5,6,16,19.125,86,Forward-Center,240.0
1630695,26.0,6,112.0,8,20,0.4,6,16,0.4,0,0,0.0,1.8333333333333333,4.333333333333333,6.166666666666667,0.8333333333333334,0.1666666666666666,0.5,5,7,3.6666666666666665,81,Center,248.0
203939,33.0,21,158.0,8,10,0.8,0,0,0.8,17,24,0.708,0.5714285714285714,1.0476190476190477,1.619047619047619,0.6190476190476191,0.3333333333333333,0.3809523809523809,5,26,1.5714285714285714,82,Forward-Center,240.0
1626181,31.0,21,682.0,174,346,0.503,81,167,0.503,69,82,0.841,0.2857142857142857,2.952380952380953,3.238095238095238,2.619047619047619,1.1428571428571428,0.1428571428571428,42,41,23.714285714285715,76,Guard,215.0
1630554,24.0,7,71.0,6,19,0.316,0,3,0.316,0,0,0.0,0.8571428571428571,1.5714285714285714,2.4285714285714284,2.2857142857142856,0.2857142857142857,0.1428571428571428,2,3,1.7142857142857142,75,Guard,181.0
1627752,30.0,25,664.0,69,144,0.479,47,91,0.479,11,13,0.846,0.64,3.52,4.16,1.76,0.84,0.2,28,51,7.84,78,Forward,218.0
1630202,26.0,27,776.0,150,311,0.482,105,242,0.482,37,44,0.841,1.2962962962962965,2.4074074074074074,3.703703703703704,3.259259259259259,0.9629629629629628,0.1111111111111111,29,45,16.37037037037037,73,Guard,195.0
1641765,22.0,17,121.0,12,34,0.353,4,12,0.353,5,9,0.556,0.6470588235294118,1.0588235294117647,1.7058823529411764,0.4117647058823529,0.1764705882352941,0.1176470588235294,1,7,1.9411764705882355,79,Forward,230.0
1627751,29.0,26,835.0,172,292,0.589,0,2,0.589,60,88,0.682,3.923076923076923,7.115384615384615,11.038461538461538,2.730769230769231,1.1153846153846154,1.2307692307692308,56,92,15.538461538461538,84,Center,260.0
1630243,27.0,3,7.0,1,3,0.333,1,1,0.333,0,0,0.0,0.0,0.0,0.0,0.0,0.0,0.0,1,2,1.0,77,Guard,190.0
1629674,25.0,23,386.0,53,84,0.631,0,2,0.631,18,24,0.75,1.6521739130434785,3.0434782608695654,4.695652173913044,0.7391304347826086,0.3043478260869565,0.9565217391304348,17,47,5.391304347826087,84,Center,248.0
1630193,25.0,3,68.0,16,42,0.381,6,16,0.381,8,9,0.889,0.3333333333333333,1.6666666666666667,2.0,4.0,0.6666666666666666,0.0,4,7,15.333333333333334,74,Guard,190.0
1631311,24.0,4,17.0,4,8,0.5,0,3,0.5,1,1,1.0,0.75,0.25,1.0,0.25,0.0,0.0,4,0,2.25,76,Guard,208.0
1630186,23.0,7,121.0,18,41,0.439,6,22,0.439,5,6,0.833,0.5714285714285714,2.571428571428572,3.142857142857143,1.1428571428571428,1.0,0.0,7,10,6.714285714285714,75,Guard,190.0
203944,30.0,25,824.0,172,356,0.483,40,115,0.483,118,143,0.825,1.76,5.0,6.76,3.96,0.84,0.16,66,65,20.08,81,Forward-Center,250.0
1641871,28.0,13,83.0,10,26,0.385,7,19,0.385,0,0,0.0,0.4615384615384615,0.5384615384615384,1.0,0.2307692307692307,0.0,0.1538461538461538,1,10,2.076923076923077,81,Center,245.0
1630559,26.0,21,707.0,122,281,0.434,56,157,0.434,55,69,0.797,0.8095238095238095,2.761904761904762,3.571428571428572,5.047619047619048,1.0476190476190477,0.1904761904761904,46,50,16.904761904761905,77,Guard,197.0
1629629,25.0,19,377.0,25,52,0.481,10,28,0.481,12,17,0.706,0.4736842105263157,1.5789473684210529,2.0526315789473686,0.7894736842105263,1.1578947368421053,0.3157894736842105,10,31,3.789473684210526,79,Forward-Guard,217.0
1630194,25.0,14,155.0,29,52,0.558,4,11,0.558,14,17,0.824,0.8571428571428571,1.5714285714285714,2.4285714285714284,0.6428571428571429,0.8571428571428571,0.5714285714285714,11,22,5.428571428571429,81,Forward,210.0
1642024,25.0,1,2.0,1,1,1.0,0,0,1.0,0,0,0.0,1.0,0.0,1.0,0.0,0.0,0.0,0,0,2.0,81,Forward-Center,245.0
1641810,22.0,15,140.0,26,65,0.4,9,33,0.4,6,7,0.857,0.3333333333333333,0.8,1.1333333333333333,0.4666666666666667,0.3333333333333333,0.0,4,7,4.466666666666667,77,Guard,205.0
1629675,25.0,25,621.0,110,244,0.451,43,123,0.451,42,48,0.875,0.64,4.68,5.32,1.6,0.76,0.84,30,55,12.2,81,Center-Forward,264.0
1631197,25.0,4,12.0,2,8,0.25,0,2,0.25,0,0,0.0,0.5,0.5,1.0,0.5,0.25,0.0,1,1,1.0,77,Guard,210.0
1630208,27.0,12,289.0,46,77,0.597,0,1,0.597,41,58,0.707,2.833333333333333,6.25,9.083333333333334,1.4166666666666667,0.5,1.5,20,32,11.083333333333334,84,Center,245.0
1626196,31.0,8,149.0,11,38,0.289,6,22,0.289,4,4,1.0,0.75,0.75,1.5,1.5,1.0,0.125,8,17,4.0,77,Guard,200.0
1642258,19.0,28,662.0,112,284,0.394,33,121,0.394,45,66,0.682,1.1428571428571428,2.2142857142857144,3.357142857142857,1.1428571428571428,0.8571428571428571,0.6785714285714286,30,58,10.785714285714286,80,Forward,200.0
1641857,25.0,5,20.0,2,3,0.667,0,1,0.667,1,4,0.25,0.4,0.2,0.6,0.0,0.0,0.0,0,3,1.0,84,Center,250.0
1629130,30.0,23,520.0,92,218,0.422,57,148,0.422,15,18,0.833,0.3478260869565217,1.8695652173913044,2.217391304347826,2.217391304347826,0.5217391304347826,0.1304347826086956,22,49,11.130434782608695,79,Forward,215.0
1629011,26.0,31,768.0,73,127,0.575,0,0,0.575,27,66,0.409,4.580645161290323,3.903225806451613,8.483870967741936,0.5806451612903226,1.1935483870967742,1.1290322580645162,25,55,5.580645161290323,84,Center-Forward,240.0
1631115,24.0,6,45.0,5,11,0.455,1,4,0.455,3,6,0.5,0.3333333333333333,1.5,1.8333333333333333,1.1666666666666667,0.3333333333333333,0.1666666666666666,3,6,2.333333333333333,82,Center,235.0
1630526,24.0,26,509.0,67,153,0.438,21,65,0.438,23,26,0.885,2.0384615384615383,2.8461538461538463,4.884615384615385,1.1538461538461535,0.7307692307692307,0.1153846153846153,22,35,6.846153846153846,80,Forward,240.0
1631223,23.0,14,204.0,27,48,0.563,10,24,0.563,11,13,0.846,0.2857142857142857,2.571428571428572,2.857142857142857,1.3571428571428572,0.4285714285714285,0.2142857142857142,13,11,5.357142857142857,76,Forward,255.0
1631157,22.0,11,72.0,10,25,0.4,6,12,0.4,5,6,0.833,0.2727272727272727,0.7272727272727273,1.0,0.8181818181818182,0.6363636363636364,0.3636363636363636,7,10,2.8181818181818183,75,Guard,180.0
1626179,30.0,22,631.0,90,226,0.398,41,117,0.398,37,41,0.902,0.7272727272727273,3.1818181818181817,3.909090909090909,3.090909090909091,0.6363636363636364,0.3636363636363636,34,33,11.727272727272728,73,Guard,190.0
1641712,20.0,21,223.0,28,64,0.438,9,29,0.438,8,12,0.667,0.8095238095238095,0.8095238095238095,1.619047619047619,0.5238095238095238,0.3333333333333333,0.0952380952380952,12,16,3.4761904761904763,78,Guard-Forward,195.0
1626156,28.0,25,666.0,110,268,0.41,49,147,0.41,40,47,0.851,0.28,2.44,2.72,4.84,0.88,0.12,46,47,12.36,75,Guard,193.0
1630346,27.0,8,41.0,4,16,0.25,3,12,0.25,0,0,0.0,0.0,0.125,0.125,0.0,0.0,0.0,3,0,1.375,78,Forward,215.0
1627734,28.0,25,900.0,206,329,0.626,26,60,0.626,100,120,0.833,3.4,9.68,13.08,6.04,0.84,0.4,78,86,21.52,82,Forward-Center,240.0
1642275,19.0,23,434.0,37,115,0.322,22,77,0.322,15,22,0.682,0.9130434782608696,3.130434782608696,4.043478260869565,0.9565217391304348,0.5217391304347826,0.1739130434782608,18,31,4.826086956521739,80,Forward,207.0
1631257,25.0,14,60.0,9,14,0.643,0,2,0.643,2,2,1.0,0.2142857142857142,0.7142857142857143,0.9285714285714286,0.2142857142857142,0.0714285714285714,0.1428571428571428,0,5,1.4285714285714286,78,Forward,230.0
1641766,22.0,4,22.0,4,7,0.571,0,0,0.571,0,0,0.0,1.25,0.25,1.5,0.25,0.0,0.0,1,1,2.0,81,Forward,245.0
1630611,22.0,7,30.0,2,5,0.4,1,3,0.4,1,2,0.5,0.2857142857142857,0.7142857142857143,1.0,0.2857142857142857,0.0,0.1428571428571428,2,4,0.8571428571428571,78,Forward,185.0
1642259,19.0,23,623.0,98,250,0.392,29,104,0.392,33,52,0.635,2.0869565217391304,4.3478260869565215,6.434782608695652,2.0869565217391304,0.6956521739130435,1.8695652173913044,35,65,11.217391304347826,84,Center,205.0
1631204,24.0,19,260.0,49,92,0.533,17,42,0.533,6,6,1.0,0.3684210526315789,0.631578947368421,1.0,1.8421052631578947,0.8421052631578947,0.1578947368421052,15,20,6.368421052631579,74,Guard,195.0
1631248,24.0,5,34.0,1,10,0.1,0,6,0.1,2,2,1.0,0.4,1.0,1.4,0.4,0.2,0.0,0,3,0.8,78,Guard,205.0
203471,31.0,24,794.0,149,337,0.442,58,154,0.442,73,83,0.88,0.1666666666666666,2.75,2.9166666666666665,6.541666666666667,1.0833333333333333,0.1666666666666666,63,58,17.875,73,Guard,175.0
1630206,22.0,2,30.0,5,7,0.714,2,2,0.714,1,2,0.5,0.0,3.0,3.0,0.5,1.0,0.0,3,2,6.5,77,Guard,220.0
1631220,24.0,6,55.0,4,13,0.308,1,2,0.308,5,6,0.833,0.1666666666666666,1.0,1.1666666666666667,0.8333333333333334,0.3333333333333333,0.1666666666666666,0,4,2.333333333333333,77,Guard,180.0
1630578,22.0,27,843.0,198,412,0.481,10,40,0.481,101,132,0.765,3.333333333333333,7.222222222222222,10.555555555555555,5.25925925925926,1.1851851851851851,1.0,60,74,18.77777777777778,83,Center,243.0
1641729,21.0,20,332.0,56,122,0.459,33,80,0.459,13,15,0.867,0.65,1.75,2.4,1.2,0.6,0.05,31,21,7.9,77,Forward,235.0
1629012,25.0,26,724.0,151,311,0.486,47,107,0.486,88,99,0.889,0.7692307692307693,1.807692307692308,2.576923076923077,3.269230769230769,0.6923076923076923,0.1153846153846153,68,59,16.807692307692307,75,Guard,190.0
1629013,27.0,46,727.0,118,274,0.431,53,157,0.431,38,46,0.826,0.3478260869565217,1.0,1.3478260869565215,1.173913043478261,0.5434782608695652,0.217391304347826,30,76,7.108695652173913,76,Guard,190.0
1630545,24.0,8,33.0,5,10,0.5,1,3,0.5,0,0,0.0,0.0,0.125,0.125,0.5,0.25,0.125,3,0,1.375,78,Guard-Forward,215.0
1630549,23.0,6,91.0,15,35,0.429,2,9,0.429,15,16,0.938,2.0,2.6666666666666665,4.666666666666667,0.8333333333333334,1.1666666666666667,0.3333333333333333,8,11,7.833333333333333,81,Center,265.0
1631101,21.0,18,554.0,109,254,0.429,30,111,0.429,53,66,0.803,0.7222222222222222,2.7222222222222223,3.4444444444444446,2.5,0.7777777777777778,0.2222222222222222,34,31,16.72222222222222,77,Guard,208.0
1642347,22.0,26,376.0,49,124,0.395,17,52,0.395,9,12,0.75,0.1923076923076923,0.8076923076923077,1.0,2.923076923076923,0.5,0.0769230769230769,34,49,4.769230769230769,73,Guard,200.0
1641767,23.0,13,272.0,28,66,0.424,19,47,0.424,0,0,0.0,0.3846153846153846,1.8461538461538465,2.230769230769231,1.3076923076923077,0.3846153846153846,0.3076923076923077,5,33,5.769230769230769,78,Guard,190.0
1642263,20.0,25,297.0,36,102,0.353,17,57,0.353,4,4,1.0,0.32,0.8,1.12,1.24,0.52,0.36,15,24,3.72,74,Guard,185.0
1627783,30.0,27,927.0,206,387,0.532,49,115,0.532,77,98,0.786,1.7037037037037035,4.851851851851852,6.555555555555555,3.4814814814814814,0.925925925925926,0.2962962962962963,40,78,19.925925925925927,80,Forward,245.0
1627732,28.0,21,510.0,55,93,0.591,0,0,0.591,8,13,0.615,0.9047619047619048,4.571428571428571,5.476190476190476,6.571428571428571,0.8095238095238095,0.5714285714285714,57,52,5.619047619047619,82,Guard-Forward,240.0
1629014,25.0,23,710.0,137,334,0.41,57,173,0.41,65,71,0.915,0.3043478260869565,2.347826086956522,2.652173913043478,4.565217391304348,0.9130434782608696,0.0869565217391304,52,43,17.217391304347824,75,Guard,200.0
1642354,22.0,9,120.0,12,40,0.3,3,20,0.3,8,10,0.8,1.0,0.6666666666666666,1.6666666666666667,2.0,0.5555555555555556,0.2222222222222222,9,13,3.888888888888889,72,Guard,189.0
1630579,26.0,24,299.0,19,27,0.704,0,0,0.704,4,7,0.571,1.2916666666666667,2.333333333333333,3.625,0.625,0.25,0.375,13,32,1.75,82,Center,250.0
1631376,26.0,2,2.0,0,1,0.0,0,0,0.0,0,0,0.0,0.0,0.0,0.0,0.0,0.0,0.0,0,0,0.0,85,Center,215.0
1641771,24.0,12,37.0,4,6,0.667,0,2,0.667,0,0,0.0,0.0833333333333333,0.5,0.5833333333333334,0.1666666666666666,0.0833333333333333,0.0833333333333333,2,8,0.6666666666666666,79,Forward,215.0
1630606,25.0,1,1.0,0,0,0.0,0,0,0.0,0,0,0.0,0.0,0.0,0.0,0.0,0.0,0.0,0,0,0.0,76,Guard,205.0
203935,30.0,17,373.0,50,137,0.365,27,83,0.365,29,35,0.829,0.8235294117647058,1.6470588235294117,2.4705882352941178,3.941176470588236,1.2941176470588236,0.3529411764705882,34,29,9.176470588235292,75,Guard,220.0
1630696,26.0,11,205.0,22,46,0.478,11,22,0.478,6,8,0.75,0.9090909090909092,1.9090909090909087,2.8181818181818183,1.6363636363636365,1.3636363636363635,0.4545454545454545,11,21,5.545454545454546,74,Guard,203.0
1630188,24.0,25,384.0,67,147,0.456,30,82,0.456,33,42,0.786,1.44,3.92,5.36,0.76,0.36,0.8,15,40,7.88,81,Forward-Center,215.0
1641890,20.0,10,34.0,8,13,0.615,3,8,0.615,1,2,0.5,0.1,0.7,0.8,0.1,0.0,0.3,3,4,2.0,81,Forward,224.0
1629015,21.0,7,32.0,3,11,0.273,0,3,0.273,2,4,0.5,0.0,0.2857142857142857,0.2857142857142857,0.2857142857142857,0.4285714285714285,0.0,2,4,1.1428571428571428,75,Guard,205.0
1631095,21.0,27,829.0,112,255,0.439,48,132,0.439,48,56,0.857,1.7407407407407407,4.851851851851852,6.592592592592593,1.1111111111111112,0.3333333333333333,0.925925925925926,19,65,11.851851851851851,82,Forward,220.0
1641733,20.0,13,121.0,16,48,0.333,8,26,0.333,0,0,0.0,0.0769230769230769,0.7692307692307693,0.8461538461538461,0.7692307692307693,0.3076923076923077,0.0769230769230769,3,8,3.076923076923077,74,Guard,185.0
1631110,21.0,14,409.0,84,159,0.528,5,23,0.528,38,55,0.691,3.0,5.428571428571429,8.428571428571429,2.7857142857142856,1.1428571428571428,0.7142857142857143,27,37,15.071428571428571,80,Forward,230.0
1642285,24.0,4,54.0,7,13,0.538,3,6,0.538,4,4,1.0,0.25,1.5,1.75,1.75,0.25,0.25,3,5,5.25,76,Guard,205.0
1630311,28.0,9,45.0,6,16,0.375,0,3,0.375,2,2,1.0,0.4444444444444444,0.3333333333333333,0.7777777777777778,1.3333333333333333,0.5555555555555556,0.0,4,4,1.5555555555555556,75,Guard,205.0
1630531,22.0,9,39.0,2,10,0.2,0,3,0.2,3,6,0.5,0.4444444444444444,0.7777777777777778,1.2222222222222223,0.3333333333333333,0.3333333333333333,0.0,1,4,0.7777777777777778,76,Guard,202.0
1630205,26.0,38,559.0,108,240,0.45,14,46,0.45,42,54,0.778,0.9473684210526316,2.394736842105264,3.3421052631578947,0.7368421052631579,0.6052631578947368,0.5789473684210527,24,45,7.157894736842105,79,Forward,230.0
1630191,23.0,27,579.0,64,116,0.552,5,21,0.552,29,33,0.879,2.2222222222222223,3.740740740740741,5.962962962962963,1.7407407407407407,0.4814814814814814,1.2592592592592593,29,73,6.0,80,Forward-Center,250.0
1631124,22.0,24,506.0,78,167,0.467,32,82,0.467,35,43,0.814,0.2916666666666667,1.875,2.1666666666666665,1.4166666666666667,0.75,0.4166666666666667,22,61,9.291666666666666,78,Guard,205.0
1629622,28.0,70,2239.0,304,728,0.418,168,479,0.418,77,97,0.794,0.9428571428571428,3.8857142857142857,4.828571428571428,4.042857142857143,0.9142857142857144,0.4142857142857143,112,170,12.185714285714283,77,Guard-Forward,215.0
1630591,23.0,28,839.0,156,385,0.405,62,200,0.405,75,82,0.915,0.6785714285714286,3.5,4.178571428571429,3.928571428571429,1.5357142857142858,1.0357142857142858,80,77,16.035714285714285,77,Guard,205.0
1631306,25.0,2,13.0,0,5,0.0,0,5,0.0,0,0,0.0,0.0,1.0,1.0,0.5,0.0,0.0,0,1,0.0,80,Forward,220.0
1630256,29.0,11,61.0,9,17,0.529,0,3,0.529,6,9,0.667,0.3636363636363636,1.6363636363636365,2.0,0.6363636363636364,0.4545454545454545,0.0,6,11,2.1818181818181817,76,Forward,230.0
1628369,26.0,25,911.0,232,512,0.453,94,262,0.453,149,186,0.801,0.52,8.52,9.04,5.52,1.2,0.48,69,65,28.28,80,Forward-Guard,210.0
1630678,24.0,31,188.0,20,39,0.513,2,9,0.513,4,5,0.8,0.5483870967741935,0.6451612903225806,1.1935483870967742,0.3225806451612903,0.1612903225806451,0.064516129032258,7,17,1.4838709677419355,76,Forward,230.0
202066,38.0,9,35.0,2,7,0.286,1,3,0.286,0,0,0.0,0.1111111111111111,0.3333333333333333,0.4444444444444444,0.5555555555555556,0.4444444444444444,0.1111111111111111,2,6,0.5555555555555556,77,Guard-Forward,195.0
1631207,22.0,25,337.0,37,74,0.5,10,27,0.5,22,28,0.786,0.64,0.76,1.4,0.92,0.6,0.28,21,35,4.24,79,Forward,195.0
1628464,32.0,19,270.0,26,61,0.426,5,19,0.426,10,12,0.833,0.8421052631578947,2.526315789473684,3.3684210526315788,1.263157894736842,0.3684210526315789,0.631578947368421,12,31,3.526315789473684,80,Forward-Center,245.0
1630271,25.0,12,60.0,8,18,0.444,2,9,0.444,3,5,0.6,0.1666666666666666,0.6666666666666666,0.8333333333333334,0.9166666666666666,0.0833333333333333,0.0833333333333333,6,7,1.75,77,Guard,185.0
1630560,23.0,17,568.0,137,297,0.461,49,126,0.461,97,112,0.866,0.3529411764705882,2.8823529411764706,3.235294117647059,3.3529411764705883,0.7058823529411765,0.0588235294117647,48,34,24.705882352941178,75,Guard,210.0
1641708,21.0,27,728.0,121,219,0.553,9,31,0.553,68,98,0.694,2.2222222222222223,4.62962962962963,6.851851851851852,2.111111111111111,1.148148148148148,0.9629629629629628,49,66,11.814814814814817,79,Guard-Forward,200.0
1641709,21.0,8,136.0,25,58,0.431,4,16,0.431,8,15,0.533,1.125,2.5,3.625,2.375,0.875,0.5,12,24,7.75,78,Guard-Forward,205.0
202691,34.0,23,638.0,118,284,0.415,70,183,0.415,24,27,0.889,0.7391304347826086,2.8260869565217392,3.565217391304348,1.8695652173913044,0.7391304347826086,0.3478260869565217,27,30,14.347826086956522,77,Guard,220.0
202684,33.0,10,76.0,13,24,0.542,0,1,0.542,1,10,0.1,0.5,1.9,2.4,0.4,0.0,0.4,5,9,2.7,81,Center-Forward,254.0
1630550,22.0,4,21.0,7,8,0.875,3,3,0.875,6,6,1.0,0.25,0.5,0.75,0.0,0.5,0.75,2,4,5.75,81,Forward,203.0
1629680,27.0,65,1487.0,126,317,0.397,80,231,0.397,22,29,0.759,0.4615384615384615,1.6307692307692307,2.0923076923076924,1.3846153846153846,1.7384615384615385,0.7538461538461538,40,93,5.446153846153846,77,Guard-Forward,201.0
1630214,25.0,17,147.0,7,29,0.241,3,16,0.241,1,2,0.5,0.4117647058823529,1.4705882352941178,1.8823529411764703,0.3529411764705882,0.2941176470588235,0.1764705882352941,6,13,1.0588235294117647,79,Forward,245.0
1631210,24.0,7,21.0,1,3,0.333,0,2,0.333,0,0,0.0,0.0,0.4285714285714285,0.4285714285714285,0.2857142857142857,0.0,0.0,1,0,0.2857142857142857,80,Forward,200.0
1630167,26.0,26,534.0,109,199,0.548,34,95,0.548,26,29,0.897,0.7307692307692307,3.269230769230769,4.0,1.8461538461538465,0.7692307692307693,0.3846153846153846,18,40,10.692307692307692,81,Forward,220.0
1626157,29.0,24,824.0,210,399,0.526,54,123,0.526,120,142,0.845,2.958333333333333,10.958333333333334,13.916666666666666,3.2916666666666665,0.875,1.0416666666666667,61,83,24.75,84,Center-Forward,248.0
1642422,21.0,8,61.0,5,18,0.278,0,7,0.278,2,7,0.286,0.125,1.625,1.75,0.125,0.5,0.25,2,6,1.5,81,Forward,245.0
1631247,23.0,6,42.0,3,7,0.429,0,3,0.429,2,2,1.0,0.1666666666666666,0.8333333333333334,1.0,0.8333333333333334,0.1666666666666666,0.1666666666666666,2,3,1.3333333333333333,79,Forward,207.0
1629018,25.0,23,593.0,69,171,0.404,45,116,0.404,22,25,0.88,0.1304347826086956,1.826086956521739,1.9565217391304348,0.9565217391304348,0.8695652173913043,0.0,12,52,8.91304347826087,77,Guard,204.0
1631131,25.0,1,16.0,0,0,0.0,0,0,0.0,3,4,0.75,3.0,6.0,9.0,0.0,2.0,0.0,1,3,3.0,80,Forward-Center,255.0
200782,39.0,31,486.0,18,50,0.36,13,35,0.36,3,3,1.0,0.9032258064516128,1.8387096774193548,2.7419354838709675,0.5161290322580645,0.5161290322580645,0.2258064516129032,8,54,1.6774193548387095,77,Forward,245.0
1626167,28.0,25,787.0,134,284,0.472,51,124,0.472,53,74,0.716,1.24,5.76,7.0,1.64,0.84,2.08,61,78,14.88,83,Center-Forward,250.0
1641816,24.0,16,151.0,15,30,0.5,6,18,0.5,12,13,0.923,0.4375,1.375,1.8125,0.5,0.1875,0.1875,8,19,3.0,80,Forward,215.0
1642281,22.0,14,108.0,12,27,0.444,3,11,0.444,3,6,0.5,0.7142857142857143,1.0,1.7142857142857142,0.7857142857142857,0.2857142857142857,0.0,6,18,2.142857142857143,78,Guard-Forward,215.0
1630649,25.0,6,17.0,1,3,0.333,1,3,0.333,0,2,0.0,0.0,0.5,0.5,0.1666666666666666,0.0,0.1666666666666666,0,0,0.5,78,Guard,210.0
202685,32.0,25,489.0,118,212,0.557,2,13,0.557,56,61,0.918,2.24,5.4,7.64,2.24,0.32,0.8,44,41,11.76,83,Center,265.0
1627832,30.0,25,885.0,133,353,0.377,59,195,0.377,55,68,0.809,0.64,3.56,4.2,6.08,1.48,0.48,34,59,15.2,72,Guard,197.0
1629020,25.0,29,581.0,59,114,0.518,8,27,0.518,24,36,0.667,1.4137931034482758,3.3448275862068964,4.758620689655173,1.2413793103448276,1.2413793103448276,0.1724137931034483,28,43,5.172413793103448,80,Forward,214.0
1630170,24.0,12,309.0,74,154,0.481,31,72,0.481,20,25,0.8,0.5,1.75,2.25,2.6666666666666665,1.0,0.3333333333333333,20,24,16.583333333333332,77,Guard-Forward,200.0
1629216,28.0,26,493.0,39,113,0.345,19,68,0.345,4,8,0.5,0.3076923076923077,0.8461538461538461,1.1538461538461535,0.8461538461538461,0.8846153846153846,0.1923076923076923,15,50,3.8846153846153846,74,Guard,200.0
1641774,21.0,10,153.0,29,67,0.433,10,36,0.433,17,22,0.773,0.6,3.0,3.6,1.3,0.5,0.7,10,28,8.5,82,Forward,220.0
202696,34.0,27,858.0,226,382,0.592,59,123,0.592,54,63,0.857,1.9259259259259256,7.814814814814815,9.74074074074074,3.259259259259259,0.7407407407407407,0.8148148148148148,48,64,20.925925925925927,82,Center,260.0
1629731,28.0,19,418.0,33,96,0.344,25,82,0.344,8,20,0.4,0.8947368421052632,3.947368421052632,4.842105263157895,1.3157894736842106,1.0,0.4210526315789473,5,28,5.2105263157894735,81,Forward-Center,228.0
1630532,23.0,25,829.0,220,473,0.465,51,159,0.465,119,135,0.881,0.92,4.68,5.6,5.68,1.72,0.48,61,58,24.4,82,Forward,220.0
1629021,27.0,29,563.0,140,249,0.562,27,75,0.562,79,110,0.718,1.3793103448275863,3.724137931034482,5.103448275862069,1.4482758620689655,0.8275862068965517,0.4137931034482758,48,55,13.310344827586206,83,Forward-Center,245.0
1631133,22.0,21,233.0,25,64,0.391,3,19,0.391,11,13,0.846,0.9047619047619048,2.1904761904761907,3.095238095238096,0.6190476190476191,0.3809523809523809,0.1428571428571428,13,27,3.0476190476190474,79,Forward,237.0
1641716,21.0,27,492.0,53,126,0.421,27,71,0.421,19,31,0.613,0.4444444444444444,3.2222222222222223,3.6666666666666665,1.5185185185185186,1.1111111111111112,0.3333333333333333,38,45,5.62962962962963,79,Forward,235.0
1629022,25.0,58,1011.0,208,492,0.423,104,271,0.423,45,59,0.763,0.2241379310344827,1.9655172413793105,2.189655172413793,1.2758620689655171,0.5517241379310345,0.3448275862068966,51,71,9.741379310344827,76,Guard-Forward,204.0
1641717,21.0,26,688.0,73,173,0.422,26,86,0.422,6,7,0.857,1.2692307692307692,2.3461538461538463,3.615384615384616,2.1153846153846154,1.6923076923076923,0.7307692307692307,16,53,6.846153846153846,75,Guard,195.0
1630811,25.0,12,194.0,22,55,0.4,8,26,0.4,4,4,1.0,0.1666666666666666,1.3333333333333333,1.5,1.8333333333333333,0.8333333333333334,0.5,12,13,4.666666666666667,75,Guard,185.0
1641775,20.0,19,157.0,9,31,0.29,5,24,0.29,0,1,0.0,0.3684210526315789,0.7368421052631579,1.105263157894737,0.2105263157894736,0.2631578947368421,0.3157894736842105,4,11,1.2105263157894737,78,Guard,205.0
1642266,20.0,14,275.0,39,108,0.361,11,49,0.361,10,15,0.667,1.0,2.2142857142857144,3.2142857142857144,1.5714285714285714,0.6428571428571429,0.2142857142857142,13,28,7.071428571428571,77,Guard,180.0
1642276,20.0,10,69.0,10,25,0.4,2,7,0.4,2,2,1.0,0.2,1.4,1.6,0.1,0.3,0.5,4,6,2.4,84,Center,230.0
203933,30.0,11,125.0,18,41,0.439,2,13,0.439,3,4,0.75,0.4545454545454545,1.5454545454545454,2.0,0.8181818181818182,0.3636363636363636,0.0909090909090909,4,11,3.727272727272727,80,Forward,220.0
1629023,26.0,21,688.0,97,215,0.451,32,83,0.451,42,56,0.75,1.5238095238095235,6.619047619047619,8.142857142857142,2.2857142857142856,1.3333333333333333,1.1904761904761905,35,43,12.761904761904765,78,Forward,230.0
1631102,23.0,3,27.0,3,6,0.5,2,3,0.5,0,0,0.0,0.0,0.3333333333333333,0.3333333333333333,1.3333333333333333,0.6666666666666666,0.0,1,0,2.6666666666666665,75,Guard,195.0
1630322,27.0,22,394.0,47,123,0.382,31,87,0.382,4,5,0.8,0.5,2.090909090909091,2.590909090909091,1.3636363636363635,0.6818181818181818,0.2272727272727272,8,36,5.863636363636363,78,Forward,210.0
1630570,24.0,13,209.0,35,79,0.443,8,26,0.443,30,35,0.857,0.3076923076923077,2.4615384615384617,2.769230769230769,1.1538461538461535,0.3846153846153846,0.3076923076923077,16,30,8.307692307692308,80,Guard-Forward,237.0
1631212,22.0,24,590.0,80,163,0.491,20,53,0.491,38,50,0.76,1.0416666666666667,2.333333333333333,3.375,1.2083333333333333,0.875,0.9166666666666666,19,51,9.083333333333334,79,Guard,200.0
1642377,21.0,28,683.0,116,250,0.464,51,127,0.464,38,47,0.809,0.9285714285714286,2.357142857142857,3.2857142857142856,1.6785714285714286,0.4285714285714285,0.1785714285714285,34,50,11.464285714285714,80,Forward,
1641705,20.0,22,716.0,194,407,0.477,69,201,0.477,81,93,0.871,1.9090909090909087,8.181818181818182,10.090909090909092,3.909090909090909,1.181818181818182,3.5,80,47,24.454545454545453,87,Forward-Center,235.0
1631104,21.0,21,247.0,34,74,0.459,4,20,0.459,15,21,0.714,0.2857142857142857,0.6190476190476191,0.9047619047619048,1.9523809523809523,0.4285714285714285,0.0952380952380952,22,13,4.142857142857143,75,Guard,185.0
201566,36.0,24,604.0,95,235,0.404,28,86,0.404,54,86,0.628,0.8333333333333334,3.25,4.083333333333333,6.458333333333333,1.6666666666666667,0.5833333333333334,60,60,11.333333333333334,76,Guard,200.0
1629632,24.0,26,850.0,154,369,0.417,82,226,0.417,75,86,0.872,0.3846153846153846,3.230769230769231,3.615384615384616,4.538461538461538,1.1538461538461535,0.1923076923076923,61,66,17.884615384615383,77,Guard,195.0
1628401,30.0,26,898.0,153,339,0.451,95,241,0.451,50,59,0.847,1.1538461538461535,3.730769230769231,4.884615384615385,4.846153846153846,1.0769230769230769,1.1153846153846154,37,56,17.346153846153847,76,Guard,190.0
1641727,20.0,3,26.0,6,11,0.545,6,10,0.545,0,0,0.0,0.0,1.0,1.0,0.3333333333333333,0.6666666666666666,0.3333333333333333,3,1,6.0,78,Guard-Forward,220.0
1641715,20.0,9,82.0,20,50,0.4,1,21,0.4,10,16,0.625,0.4444444444444444,0.8888888888888888,1.3333333333333333,0.4444444444444444,0.1111111111111111,0.1111111111111111,3,9,5.666666666666667,79,Forward,230.0
1630598,25.0,26,529.0,90,200,0.45,37,92,0.45,15,19,0.789,0.9230769230769232,2.423076923076923,3.3461538461538463,1.4615384615384617,0.9230769230769232,0.3076923076923077,21,35,8.923076923076923,77,Guard,190.0
203952,29.0,22,626.0,133,283,0.47,53,117,0.47,72,93,0.774,1.5,2.6818181818181817,4.181818181818182,2.3181818181818183,0.9090909090909092,0.6818181818181818,25,38,17.772727272727273,79,Forward,197.0
1631214,25.0,1,4.0,2,2,1.0,1,1,1.0,0,0,0.0,0.0,0.0,0.0,1.0,0.0,0.0,0,0,5.0,76,Guard,210.0
1630314,25.0,5,21.0,2,9,0.222,0,2,0.222,2,3,0.667,0.2,0.6,0.8,0.4,0.0,0.0,2,2,1.2,73,Guard,190.0
1642262,20.0,16,299.0,18,67,0.269,7,37,0.269,6,10,0.6,0.5,1.8125,2.3125,1.1875,0.4375,0.3125,11,20,3.0625,79,Forward,190.0
1629684,26.0,16,479.0,54,123,0.439,27,74,0.439,31,37,0.838,1.125,4.0,5.125,2.3125,1.125,0.8125,28,46,10.375,78,Forward,236.0
1631114,23.0,26,838.0,217,439,0.494,51,135,0.494,69,85,0.812,0.8846153846153846,5.0,5.884615384615385,5.076923076923077,1.9230769230769231,0.7692307692307693,59,70,21.307692307692307,77,Guard-Forward,211.0
1631119,22.0,69,897.0,95,228,0.417,53,144,0.417,33,41,0.805,0.5217391304347826,2.869565217391304,3.391304347826087,1.5942028985507246,0.4057971014492754,0.391304347826087,34,98,4.0,81,Forward,240.0
1629026,30.0,16,208.0,36,63,0.571,14,34,0.571,8,8,1.0,0.75,2.0625,2.8125,0.875,0.5625,0.25,3,28,5.875,78,Guard-Forward,210.0
1631109,23.0,6,84.0,25,39,0.641,0,0,0.641,10,14,0.714,2.333333333333333,3.1666666666666665,5.5,1.5,0.3333333333333333,1.0,3,9,10.0,84,Center,240.0
1631466,25.0,3,10.0,3,4,0.75,1,2,0.75,0,0,0.0,0.0,1.0,1.0,0.0,0.3333333333333333,0.0,0,0,2.333333333333333,77,Guard,205.0
1630172,23.0,18,491.0,58,159,0.365,32,87,0.365,25,29,0.862,1.0,3.611111111111111,4.611111111111111,2.111111111111111,0.8888888888888888,0.5555555555555556,31,26,9.61111111111111,79,Forward,215.0
1630533,23.0,21,459.0,64,159,0.403,18,66,0.403,35,44,0.795,1.0476190476190477,3.333333333333333,4.380952380952381,1.1428571428571428,0.9523809523809524,0.3333333333333333,19,56,8.619047619047619,81,Forward,185.0
1629057,27.0,8,148.0,31,42,0.738,1,2,0.738,12,13,0.923,2.0,3.625,5.625,1.375,1.0,1.625,8,9,9.375,81,Center-Forward,249.0
1631246,24.0,3,45.0,7,19,0.368,1,8,0.368,1,4,0.25,1.3333333333333333,2.333333333333333,3.6666666666666665,3.0,0.0,0.6666666666666666,7,9,5.333333333333333,76,Guard,205.0
1629627,24.0,6,186.0,47,104,0.452,2,6,0.452,40,60,0.667,2.6666666666666665,5.333333333333333,8.0,5.333333333333333,0.6666666666666666,1.1666666666666667,22,18,22.666666666666668,78,Forward,284.0
1630592,24.0,26,661.0,78,193,0.404,37,110,0.404,42,50,0.84,1.0,2.3461538461538463,3.3461538461538463,1.7692307692307692,0.5384615384615384,0.0384615384615384,23,59,9.038461538461538,78,Forward,220.0
1630164,23.0,1,5.0,2,4,0.5,0,1,0.5,2,2,1.0,0.0,1.0,1.0,0.0,0.0,0.0,0,0,6.0,83,Center,240.0
1626174,28.0,50,872.0,123,264,0.466,35,114,0.466,66,94,0.702,0.78,4.3,5.08,0.98,0.32,0.66,50,72,6.94,80,Forward,214.0
1626153,32.0,18,288.0,17,53,0.321,9,32,0.321,5,10,0.5,0.6111111111111112,1.2222222222222223,1.8333333333333333,1.6111111111111112,0.7222222222222222,0.3333333333333333,8,11,2.6666666666666665,77,Guard,185.0
1627824,29.0,24,571.0,80,168,0.476,34,91,0.476,27,44,0.614,1.6666666666666667,3.6666666666666665,5.333333333333333,1.8333333333333333,0.625,0.4166666666666667,31,62,9.208333333333334,80,Forward,265.0
1642385,21.0,5,10.0,1,7,0.143,0,3,0.143,1,2,0.5,0.0,0.4,0.4,0.0,0.0,0.0,0,0,0.6,77,Forward,190.0
1629027,26.0,27,976.0,178,456,0.39,71,222,0.39,155,176,0.881,0.6296296296296297,3.259259259259259,3.888888888888889,12.22222222222222,1.3333333333333333,0.1481481481481481,124,58,21.55555555555556,73,Guard,164.0
203469,31.0,43,320.0,26,62,0.419,1,3,0.419,23,38,0.605,1.1162790697674418,1.4883720930232558,2.604651162790698,0.9069767441860463,0.2093023255813953,0.1162790697674418,16,45,1.7674418604651163,83,Forward-Center,240.0
1627826,27.0,28,902.0,189,310,0.61,0,0,0.61,44,82,0.537,3.857142857142857,8.428571428571429,12.285714285714286,2.5357142857142856,0.6071428571428571,1.0,54,57,15.071428571428571,84,Center,240.0
1641783,23.0,25,593.0,76,182,0.418,30,89,0.418,17,24,0.708,1.04,2.52,3.56,1.44,0.36,0.16,19,38,7.96,80,Forward,217.0
1628427,27.0,4,34.0,4,7,0.571,1,2,0.571,0,0,0.0,0.75,1.25,2.0,0.0,0.0,0.25,2,4,2.25,80,Forward,236.0
203967,30.0,10,136.0,12,40,0.3,5,19,0.3,5,6,0.833,0.9,2.6,3.5,1.1,0.6,0.0,11,14,3.4,82,Forward-Center,225.0
